set session aipal.kayttaja='JARJESTELMA';

INSERT INTO kysymysryhma (kysymysryhmaid, voimassa_alkupvm, voimassa_loppupvm, taustakysymykset, valtakunnallinen, nimi_fi, nimi_sv, selite_fi, selite_sv, koulutustoimija, oppilaitos, toimipaikka, luotu_kayttaja, muutettu_kayttaja, luotuaika, muutettuaika, tila, kuvaus_fi, kuvaus_sv, ntm_kysymykset) VALUES (1, NULL, NULL, true, true, 'TAUSTAKYSYMYKSET', 'BAKGRUNDSINFORMATION', NULL, NULL, NULL, NULL, NULL, 'KONVERSIO', 'KONVERSIO', '2008-05-14 09:44:59.39669+00', '2008-05-14 09:45:37.523132+00', 'suljettu', NULL, NULL, false);
INSERT INTO kysymysryhma (kysymysryhmaid, voimassa_alkupvm, voimassa_loppupvm, taustakysymykset, valtakunnallinen, nimi_fi, nimi_sv, selite_fi, selite_sv, koulutustoimija, oppilaitos, toimipaikka, luotu_kayttaja, muutettu_kayttaja, luotuaika, muutettuaika, tila, kuvaus_fi, kuvaus_sv, ntm_kysymykset) VALUES (2, NULL, NULL, false, true, 'HAKEUTUMINEN', 'ANSÖKAN', NULL, NULL, NULL, NULL, NULL, 'KONVERSIO', 'KONVERSIO', '2008-05-14 09:46:04.054194+00', '2008-05-14 09:46:04.054194+00', 'suljettu', NULL, NULL, false);
INSERT INTO kysymysryhma (kysymysryhmaid, voimassa_alkupvm, voimassa_loppupvm, taustakysymykset, valtakunnallinen, nimi_fi, nimi_sv, selite_fi, selite_sv, koulutustoimija, oppilaitos, toimipaikka, luotu_kayttaja, muutettu_kayttaja, luotuaika, muutettuaika, tila, kuvaus_fi, kuvaus_sv, ntm_kysymykset) VALUES (3, NULL, NULL, false, true, 'TUTKINNON SUORITTAMINEN', 'AVLÄGGANDET AV EXAMEN', NULL, NULL, NULL, NULL, NULL, 'KONVERSIO', 'KONVERSIO', '2008-05-14 09:46:39.972345+00', '2008-05-14 09:46:39.972345+00', 'suljettu', NULL, NULL, false);
INSERT INTO kysymysryhma (kysymysryhmaid, voimassa_alkupvm, voimassa_loppupvm, taustakysymykset, valtakunnallinen, nimi_fi, nimi_sv, selite_fi, selite_sv, koulutustoimija, oppilaitos, toimipaikka, luotu_kayttaja, muutettu_kayttaja, luotuaika, muutettuaika, tila, kuvaus_fi, kuvaus_sv, ntm_kysymykset) VALUES (4, NULL, NULL, false, true, 'TARVITTAVAN AMMATTITAIDON HANKKIMINEN (valmistava koulutus)', 'FÖRVANRANDE AV BEHÖVLIG YRKESSKICKLIGHET (förberedande utbildning)', NULL, NULL, NULL, NULL, NULL, 'KONVERSIO', 'KONVERSIO', '2008-05-14 09:47:54.798486+00', '2008-05-14 09:47:54.798486+00', 'suljettu', NULL, NULL, false);
INSERT INTO kysymysryhma (kysymysryhmaid, voimassa_alkupvm, voimassa_loppupvm, taustakysymykset, valtakunnallinen, nimi_fi, nimi_sv, selite_fi, selite_sv, koulutustoimija, oppilaitos, toimipaikka, luotu_kayttaja, muutettu_kayttaja, luotuaika, muutettuaika, tila, kuvaus_fi, kuvaus_sv, ntm_kysymykset) VALUES (3341884, NULL, NULL, true, true, 'Näyttötutkintojen taustakysymykset hakeutumisvaiheessa', 'Bakgrundsfrågor gällande fristående examina i ansökningsskedet', NULL, NULL, '0829731-2', NULL, NULL, 'JARJESTELMA', 'JARJESTELMA', '2014-12-22 10:34:57.952042+00', '2015-01-05 07:05:49.498973+00', 'julkaistu', NULL, NULL, false);
INSERT INTO kysymysryhma (kysymysryhmaid, voimassa_alkupvm, voimassa_loppupvm, taustakysymykset, valtakunnallinen, nimi_fi, nimi_sv, selite_fi, selite_sv, koulutustoimija, oppilaitos, toimipaikka, luotu_kayttaja, muutettu_kayttaja, luotuaika, muutettuaika, tila, kuvaus_fi, kuvaus_sv, ntm_kysymykset) VALUES (3341885, NULL, NULL, true, true, 'Näyttötutkintojen taustakysymykset tutkinnon suorittamisvaiheessa', 'Bakgrundsfrågor gällande fristående examina vid avläggandet av examen', NULL, NULL, '0829731-2', NULL, NULL, 'JARJESTELMA', 'JARJESTELMA', '2014-12-22 11:37:26.532651+00', '2015-01-05 07:05:47.314088+00', 'julkaistu', NULL, NULL, false);
INSERT INTO kysymysryhma (kysymysryhmaid, voimassa_alkupvm, voimassa_loppupvm, taustakysymykset, valtakunnallinen, nimi_fi, nimi_sv, selite_fi, selite_sv, koulutustoimija, oppilaitos, toimipaikka, luotu_kayttaja, muutettu_kayttaja, luotuaika, muutettuaika, tila, kuvaus_fi, kuvaus_sv, ntm_kysymykset) VALUES (3341886, NULL, NULL, false, true, 'Näyttötutkintojen hakeutumisvaiheen kysymykset', 'Bakgrundsfrågor gällande fristående examina', NULL, NULL, '0829731-2', NULL, NULL, 'JARJESTELMA', 'JARJESTELMA', '2014-12-22 12:02:20.579318+00', '2015-01-16 10:04:58.392528+00', 'julkaistu', 'Hakeutumisvaiheella tarkoitetaan ajankohtaa, jolloin hakeuduit suorittamaan näyttötutkintoa tai sen osaa. Tässä vaiheessa oppilaitos tai oppisopimuskoulutuksen järjestäjä sopii kanssasi henkilökohtaisista järjestelyistä, joiden avulla saat suoritettua tavoitteesi mukaisen tutkinnon tai tutkinnon osan. Järjestelyt kirjataan henkilökohtaiseen suunnitelmaasi.', 'Med ansökningsskedet avses tidpunkten då du ansökte om att avlägga examen eller del av examen. I detta skede avtalar läroanstalten eller anordnaren av läroavtalsutbildningen med dig om de personliga arrangemang med hjälp av vilka du kan avlägga den examen eller del av examen som är ditt mål. Arrangemangen antecknas i din personliga plan.', false);
INSERT INTO kysymysryhma (kysymysryhmaid, voimassa_alkupvm, voimassa_loppupvm, taustakysymykset, valtakunnallinen, nimi_fi, nimi_sv, selite_fi, selite_sv, koulutustoimija, oppilaitos, toimipaikka, luotu_kayttaja, muutettu_kayttaja, luotuaika, muutettuaika, tila, kuvaus_fi, kuvaus_sv, ntm_kysymykset) VALUES (3341887, NULL, NULL, false, true, 'Näyttötutkintojen suorittamisvaiheen kysymykset', 'Avläggandet av examen gällande fristående examina', '', NULL, '0829731-2', NULL, NULL, 'JARJESTELMA', 'JARJESTELMA', '2014-12-22 12:38:00.024047+00', '2015-01-16 10:04:58.392528+00', 'julkaistu', 'Näyttötutkinnoissa ammattitaito osoitetaan ja arvioidaan tutkintotilaisuuksissa. Tutkinnon suorittamisella tarkoitetaan tilanteita, joissa osoitit tutkinnon perusteissa vaaditun osaamisen ja osaamisesi arvioitiin.', 'I fristående examina visas och bedöms yrkesskickligheten vid examenstillfällen. Med avläggandet av examen avses de situationer där du visade det kunnande som krävs i examensgrunderna och där ditt kunnande bedömdes.', false);
INSERT INTO kysymysryhma (kysymysryhmaid, voimassa_alkupvm, voimassa_loppupvm, taustakysymykset, valtakunnallinen, nimi_fi, nimi_sv, selite_fi, selite_sv, koulutustoimija, oppilaitos, toimipaikka, luotu_kayttaja, muutettu_kayttaja, luotuaika, muutettuaika, tila, kuvaus_fi, kuvaus_sv, ntm_kysymykset) VALUES (3341888, NULL, NULL, false, true, 'Näyttötutkintojen tarvittavan ammattitaidon hankkimisvaiheen kysymykset (mm. valmistava koulutus, oppisopimuskoulutuksen tietopuoliset opinnot sekä työssä oppiminen)', 'Avläggandet av examen gällande fristående examina (bl.a. förberedande utbildning, läroavtalsutbildningens teoretiska studier och inlärning i arbetet)', NULL, NULL, '0829731-2', NULL, NULL, 'JARJESTELMA', 'JARJESTELMA', '2014-12-22 14:43:53.188349+00', '2015-01-16 10:04:58.392528+00', 'julkaistu', 'Tarvittavan ammattitaidon hankkimisella tarkoitetaan oppimista, jota tarvitset tutkintosi suorittamiseksi. Oppimista tapahtuu työpaikalla, oppilaitoksessa ja esimerkiksi verkossa.', 'Med förvärvandet av behövlig yrkesskicklighet avses det lärande du behöver för att avlägga din examen. Lärandet sker på en arbetsplats, i en läroanstalt och till exempel på webben.', false);
INSERT INTO kysymysryhma (kysymysryhmaid, voimassa_alkupvm, voimassa_loppupvm, taustakysymykset, valtakunnallinen, nimi_fi, nimi_sv, selite_fi, selite_sv, koulutustoimija, oppilaitos, toimipaikka, luotu_kayttaja, muutettu_kayttaja, luotuaika, muutettuaika, tila, kuvaus_fi, kuvaus_sv, ntm_kysymykset) VALUES (3342146, NULL, NULL, true, true, 'NTM - taustakysymykset', 'NTM - bakgrundsfrågor', NULL, NULL, '0829731-2', NULL, NULL, 'JARJESTELMA', 'JARJESTELMA', '2015-09-02 10:31:52.319428+00', '2015-09-10 12:06:49.146547+00', 'julkaistu', NULL, NULL, true);
INSERT INTO kysymysryhma (kysymysryhmaid, voimassa_alkupvm, voimassa_loppupvm, taustakysymykset, valtakunnallinen, nimi_fi, nimi_sv, selite_fi, selite_sv, koulutustoimija, oppilaitos, toimipaikka, luotu_kayttaja, muutettu_kayttaja, luotuaika, muutettuaika, tila, kuvaus_fi, kuvaus_sv, ntm_kysymykset) VALUES (3342147, NULL, NULL, false, true, 'NTM - henkilökohtaistaminen näyttötutkintomestarikoulutuksessa', 'NTM - personlig tillämpning i utbildningen för examensmästare', '', NULL, '0829731-2', NULL, NULL, 'JARJESTELMA', 'JARJESTELMA', '2015-09-02 10:42:43.419239+00', '2015-09-10 12:06:22.416723+00', 'julkaistu', NULL, NULL, true);
INSERT INTO kysymysryhma (kysymysryhmaid, voimassa_alkupvm, voimassa_loppupvm, taustakysymykset, valtakunnallinen, nimi_fi, nimi_sv, selite_fi, selite_sv, koulutustoimija, oppilaitos, toimipaikka, luotu_kayttaja, muutettu_kayttaja, luotuaika, muutettuaika, tila, kuvaus_fi, kuvaus_sv, ntm_kysymykset) VALUES (3342148, NULL, NULL, false, true, 'NTM - koulutuksen sisällöt ja tavoitteet', 'NTM - utbildningens innehåll och mål', NULL, NULL, '0829731-2', NULL, NULL, 'JARJESTELMA', 'JARJESTELMA', '2015-09-02 10:46:08.243336+00', '2015-09-10 12:06:42.692985+00', 'julkaistu', NULL, NULL, true);
INSERT INTO kysymysryhma (kysymysryhmaid, voimassa_alkupvm, voimassa_loppupvm, taustakysymykset, valtakunnallinen, nimi_fi, nimi_sv, selite_fi, selite_sv, koulutustoimija, oppilaitos, toimipaikka, luotu_kayttaja, muutettu_kayttaja, luotuaika, muutettuaika, tila, kuvaus_fi, kuvaus_sv, ntm_kysymykset) VALUES (3342149, NULL, NULL, false, true, 'NTM - ohjaus ja arviointi', 'NTM - handledning och bedömning', NULL, NULL, '0829731-2', NULL, NULL, 'JARJESTELMA', 'JARJESTELMA', '2015-09-02 12:52:11.672192+00', '2015-09-10 12:06:45.971146+00', 'julkaistu', NULL, NULL, true);



INSERT INTO jatkokysymys(jatkokysymysid, kylla_teksti_fi, kylla_teksti_sv, ei_teksti_fi, ei_teksti_sv, max_vastaus, luotu_kayttaja, muutettu_kayttaja, luotuaika, muutettuaika, kylla_vastaustyyppi) VALUES (7226897, 'Työpaikalla tapahtuva oppiminen vastasi tutkinnossa edellytettyä osaamista', 'Lärandet på arbetsplatsen motsvarade det kunnande som förutsattes i examen', NULL, NULL, NULL, 'JARJESTELMA', 'JARJESTELMA', '2015-01-03 14:27:57.596307+00', '2015-01-03 14:27:57.596307+00', 'likert_asteikko');
INSERT INTO  jatkokysymys (jatkokysymysid, kylla_teksti_fi, kylla_teksti_sv, ei_teksti_fi, ei_teksti_sv, max_vastaus, luotu_kayttaja, muutettu_kayttaja, luotuaika, muutettuaika, kylla_vastaustyyppi) VALUES (430, 'Miten tyytyväinen olit ohjaukseen?', 'Hur nöjd var du med handledningen?', NULL, NULL, NULL, 'KONVERSIO', 'KONVERSIO', '2008-06-24 05:58:11.13641+00', '2008-06-24 05:58:11.13641+00', 'asteikko');
INSERT INTO  jatkokysymys (jatkokysymysid, kylla_teksti_fi, kylla_teksti_sv, ei_teksti_fi, ei_teksti_sv, max_vastaus, luotu_kayttaja, muutettu_kayttaja, luotuaika, muutettuaika, kylla_vastaustyyppi) VALUES (400, 'Miten tyytyväinen olit selvittelyyn?', 'Hur nöjd var du med utredningen?', NULL, NULL, NULL, 'KONVERSIO', 'KONVERSIO', '2008-06-24 05:58:11.123476+00', '2008-06-24 05:58:11.123476+00', 'asteikko');
INSERT INTO  jatkokysymys (jatkokysymysid, kylla_teksti_fi, kylla_teksti_sv, ei_teksti_fi, ei_teksti_sv, max_vastaus, luotu_kayttaja, muutettu_kayttaja, luotuaika, muutettuaika, kylla_vastaustyyppi) VALUES (412, 'Miten tyytyväinen olit järjestelyihin?', 'Hur nöjd var du med arrangemangen?', NULL, NULL, NULL, 'KONVERSIO', 'KONVERSIO', '2008-06-24 05:58:11.128385+00', '2008-06-24 05:58:11.128385+00', 'asteikko');
INSERT INTO  jatkokysymys (jatkokysymysid, kylla_teksti_fi, kylla_teksti_sv, ei_teksti_fi, ei_teksti_sv, max_vastaus, luotu_kayttaja, muutettu_kayttaja, luotuaika, muutettuaika, kylla_vastaustyyppi) VALUES (427, 'Tukivatko työtehtävät tavoitteena olevan näyttötutkinnon 
ammattitaitovaatimuksia?', 'Stödde arbetsuppgifterna den yrkesskicklighet som eftersträvas i din examen?', NULL, NULL, NULL, 'KONVERSIO', 'KONVERSIO', '2008-06-24 05:58:11.135025+00', '2008-06-24 05:58:11.135025+00', 'asteikko');
INSERT INTO  jatkokysymys (jatkokysymysid, kylla_teksti_fi, kylla_teksti_sv, ei_teksti_fi, ei_teksti_sv, max_vastaus, luotu_kayttaja, muutettu_kayttaja, luotuaika, muutettuaika, kylla_vastaustyyppi) VALUES (445, 'Kuinka paljon osaamistasi otettiin huomioon valmistavassa koulutuksessa?', 'Hur mycket togs din tidigare kompetens i beaktande i utbildningen?', NULL, NULL, NULL, 'KONVERSIO', 'KONVERSIO', '2008-06-24 05:58:11.142556+00', '2008-06-24 05:58:11.142556+00', 'asteikko');
INSERT INTO  jatkokysymys (jatkokysymysid, kylla_teksti_fi, kylla_teksti_sv, ei_teksti_fi, ei_teksti_sv, max_vastaus, luotu_kayttaja, muutettu_kayttaja, luotuaika, muutettuaika, kylla_vastaustyyppi) VALUES (388, 'Miten tyytyväinen olit selvittelyyn?', 'Hur nöjd var du med utredningen?', NULL, NULL, NULL, 'KONVERSIO', 'KONVERSIO', '2008-06-24 05:58:11.118507+00', '2008-06-24 05:58:11.118507+00', 'asteikko');
INSERT INTO  jatkokysymys (jatkokysymysid, kylla_teksti_fi, kylla_teksti_sv, ei_teksti_fi, ei_teksti_sv, max_vastaus, luotu_kayttaja, muutettu_kayttaja, luotuaika, muutettuaika, kylla_vastaustyyppi) VALUES (403, 'Miten tyytyväinen olit suunnitelmaan?', 'Hur nöjd var du med planen?', NULL, NULL, NULL, 'KONVERSIO', 'KONVERSIO', '2008-06-24 05:58:11.124694+00', '2008-06-24 05:58:11.124694+00', 'asteikko');
INSERT INTO  jatkokysymys (jatkokysymysid, kylla_teksti_fi, kylla_teksti_sv, ei_teksti_fi, ei_teksti_sv, max_vastaus, luotu_kayttaja, muutettu_kayttaja, luotuaika, muutettuaika, kylla_vastaustyyppi) VALUES (394, 'Miten tyytyväinen olit selvitykseen?', 'Hur nöjd var du med utredningen?', NULL, NULL, NULL, 'KONVERSIO', 'KONVERSIO', '2008-06-24 05:58:11.120953+00', '2008-06-24 05:58:11.120953+00', 'asteikko');
INSERT INTO  jatkokysymys (jatkokysymysid, kylla_teksti_fi, kylla_teksti_sv, ei_teksti_fi, ei_teksti_sv, max_vastaus, luotu_kayttaja, muutettu_kayttaja, luotuaika, muutettuaika, kylla_vastaustyyppi) VALUES (433, 'Miten tyytyväinen olit ohjaukseen?', 'Hur nöjd var du med handledningen?', NULL, NULL, NULL, 'KONVERSIO', 'KONVERSIO', '2008-06-24 05:58:11.137646+00', '2008-06-24 05:58:11.137646+00', 'asteikko');
INSERT INTO  jatkokysymys (jatkokysymysid, kylla_teksti_fi, kylla_teksti_sv, ei_teksti_fi, ei_teksti_sv, max_vastaus, luotu_kayttaja, muutettu_kayttaja, luotuaika, muutettuaika, kylla_vastaustyyppi) VALUES (409, 'Miten tyytyväinen olit näihin tutkintotilaisuuksiin?', 'Hur nöjd var du med dessa examenstillfällen?', NULL, NULL, NULL, 'KONVERSIO', 'KONVERSIO', '2008-06-24 05:58:11.127166+00', '2008-06-24 05:58:11.127166+00', 'asteikko');
INSERT INTO  jatkokysymys (jatkokysymysid, kylla_teksti_fi, kylla_teksti_sv, ei_teksti_fi, ei_teksti_sv, max_vastaus, luotu_kayttaja, muutettu_kayttaja, luotuaika, muutettuaika, kylla_vastaustyyppi) VALUES (418, 'Miten tyytyväinen olit arvioinnin perusteluihin?', 'Hur nöjd var du med motiveringarna för bedömningen?', NULL, NULL, NULL, 'KONVERSIO', 'KONVERSIO', '2008-06-24 05:58:11.130853+00', '2008-06-24 05:58:11.130853+00', 'asteikko');
INSERT INTO  jatkokysymys (jatkokysymysid, kylla_teksti_fi, kylla_teksti_sv, ei_teksti_fi, ei_teksti_sv, max_vastaus, luotu_kayttaja, muutettu_kayttaja, luotuaika, muutettuaika, kylla_vastaustyyppi) VALUES (406, 'Miten tyytyväinen olit osaamisesi huomioon ottamiseen?', 'Hur nöjd var du med beaktandet av din kompetens?', NULL, NULL, NULL, 'KONVERSIO', 'KONVERSIO', '2008-06-24 05:58:11.125952+00', '2008-06-24 05:58:11.125952+00', 'asteikko');

 

INSERT INTO kysymys (kysymysid, pakollinen, poistettava, vastaustyyppi, kysymysryhmaid, kysymys_fi, kysymys_sv, jarjestys, jatkokysymysid, monivalinta_max, max_vastaus, luotu_kayttaja, muutettu_kayttaja, luotuaika, muutettuaika, eos_vastaus_sallittu) VALUES (7314565, true, false, 'likert_asteikko', 3342148, 'Koulutus kehitti näyttötutkintoihin liittyvän lainsäädännön tuntemista', 'Utbildningen förbättrade min kännedom om lagstiftningen som gäller de fristående examina', 0, NULL, NULL, NULL, 'JARJESTELMA', 'JARJESTELMA', '2015-09-02 12:52:26.800959+00', '2015-09-02 12:52:26.800959+00', NULL);
INSERT INTO kysymys (kysymysid, pakollinen, poistettava, vastaustyyppi, kysymysryhmaid, kysymys_fi, kysymys_sv, jarjestys, jatkokysymysid, monivalinta_max, max_vastaus, luotu_kayttaja, muutettu_kayttaja, luotuaika, muutettuaika, eos_vastaus_sallittu) VALUES (7314566, true, false, 'likert_asteikko', 3342148, 'Koulutus kehitti tietämystäni näyttötutkintojärjestelmän toimijoista ja näiden tehtävistä', 'Utbildningen förbättrade min kännedom om aktörerna inom systemet med fristående examina och om aktörernas uppgifter', 1, NULL, NULL, NULL, 'JARJESTELMA', 'JARJESTELMA', '2015-09-02 12:52:26.800959+00', '2015-09-02 12:52:26.800959+00', NULL);
INSERT INTO kysymys (kysymysid, pakollinen, poistettava, vastaustyyppi, kysymysryhmaid, kysymys_fi, kysymys_sv, jarjestys, jatkokysymysid, monivalinta_max, max_vastaus, luotu_kayttaja, muutettu_kayttaja, luotuaika, muutettuaika, eos_vastaus_sallittu) VALUES (7314567, true, false, 'likert_asteikko', 3342148, 'Koulutus kehitti osaamistani suunnitella näyttötutkintojen järjestämistä', 'Utbildningen förbättrade mina färdigheter i att planera ordnandet av fristående examina', 2, NULL, NULL, NULL, 'JARJESTELMA', 'JARJESTELMA', '2015-09-02 12:52:26.800959+00', '2015-09-02 12:52:26.800959+00', NULL);
INSERT INTO kysymys (kysymysid, pakollinen, poistettava, vastaustyyppi, kysymysryhmaid, kysymys_fi, kysymys_sv, jarjestys, jatkokysymysid, monivalinta_max, max_vastaus, luotu_kayttaja, muutettu_kayttaja, luotuaika, muutettuaika, eos_vastaus_sallittu) VALUES (7314568, true, false, 'likert_asteikko', 3342148, 'Koulutus kehitti osaamistani henkilökohtaistamisprosessista', 'Utbildningen förbättrade mitt kunnande i processen för personlig tillämpning', 3, NULL, NULL, NULL, 'JARJESTELMA', 'JARJESTELMA', '2015-09-02 12:52:26.800959+00', '2015-09-02 12:52:26.800959+00', NULL);
INSERT INTO kysymys (kysymysid, pakollinen, poistettava, vastaustyyppi, kysymysryhmaid, kysymys_fi, kysymys_sv, jarjestys, jatkokysymysid, monivalinta_max, max_vastaus, luotu_kayttaja, muutettu_kayttaja, luotuaika, muutettuaika, eos_vastaus_sallittu) VALUES (7314569, true, false, 'likert_asteikko', 3342148, 'Koulutus kehitti tutkinnon suorittajien ohjaustaitojani', 'Utbildningen förbättrade mina färdigheter i att handleda examinanderna', 4, NULL, NULL, NULL, 'JARJESTELMA', 'JARJESTELMA', '2015-09-02 12:52:26.800959+00', '2015-09-02 12:52:26.800959+00', NULL);
INSERT INTO kysymys (kysymysid, pakollinen, poistettava, vastaustyyppi, kysymysryhmaid, kysymys_fi, kysymys_sv, jarjestys, jatkokysymysid, monivalinta_max, max_vastaus, luotu_kayttaja, muutettu_kayttaja, luotuaika, muutettuaika, eos_vastaus_sallittu) VALUES (7314570, true, false, 'likert_asteikko', 3342148, 'Koulutus edisti osaamistani järjestää tutkintotilaisuuksia', 'Utbildningen främjade mina färdigheter i att organisera examenstillfällen', 5, NULL, NULL, NULL, 'JARJESTELMA', 'JARJESTELMA', '2015-09-02 12:52:26.800959+00', '2015-09-02 12:52:26.800959+00', NULL);
INSERT INTO kysymys (kysymysid, pakollinen, poistettava, vastaustyyppi, kysymysryhmaid, kysymys_fi, kysymys_sv, jarjestys, jatkokysymysid, monivalinta_max, max_vastaus, luotu_kayttaja, muutettu_kayttaja, luotuaika, muutettuaika, eos_vastaus_sallittu) VALUES (7314571, true, false, 'likert_asteikko', 3342148, 'Koulutus edisti osaamistani arvioida tutkinnon suorittajien ammattitaitoa', 'Utbildningen främjade mina färdigheter i att bedöma examinandernas yrkesskicklighet', 6, NULL, NULL, NULL, 'JARJESTELMA', 'JARJESTELMA', '2015-09-02 12:52:26.800959+00', '2015-09-02 12:52:26.800959+00', NULL);
INSERT INTO kysymys (kysymysid, pakollinen, poistettava, vastaustyyppi, kysymysryhmaid, kysymys_fi, kysymys_sv, jarjestys, jatkokysymysid, monivalinta_max, max_vastaus, luotu_kayttaja, muutettu_kayttaja, luotuaika, muutettuaika, eos_vastaus_sallittu) VALUES (7314572, true, false, 'likert_asteikko', 3342148, 'Koulutus edisti osaamistani näyttötutkintoihin liittyvästä asiakirjahallinnasta', 'Utbildningen främjade mitt kunnande i den dokumenthantering som de fristående examina kräver', 7, NULL, NULL, NULL, 'JARJESTELMA', 'JARJESTELMA', '2015-09-02 12:52:26.800959+00', '2015-09-02 12:52:26.800959+00', NULL);
INSERT INTO kysymys (kysymysid, pakollinen, poistettava, vastaustyyppi, kysymysryhmaid, kysymys_fi, kysymys_sv, jarjestys, jatkokysymysid, monivalinta_max, max_vastaus, luotu_kayttaja, muutettu_kayttaja, luotuaika, muutettuaika, eos_vastaus_sallittu) VALUES (7314573, true, false, 'likert_asteikko', 3342148, 'Koulutus edisti osaamistani kehittää näyttötutkintoprosessin laatua', 'Utbildningen främjade mina färdigheter i att utveckla kvaliteten på processen för de fristående examina', 8, NULL, NULL, NULL, 'JARJESTELMA', 'JARJESTELMA', '2015-09-02 12:52:26.800959+00', '2015-09-02 12:52:26.800959+00', NULL);
INSERT INTO kysymys (kysymysid, pakollinen, poistettava, vastaustyyppi, kysymysryhmaid, kysymys_fi, kysymys_sv, jarjestys, jatkokysymysid, monivalinta_max, max_vastaus, luotu_kayttaja, muutettu_kayttaja, luotuaika, muutettuaika, eos_vastaus_sallittu) VALUES (7314678, true, false, 'likert_asteikko', 3342149, 'Sain neuvontaa ja ohjausta tarvitessani', 'Jag fick råd och handledning när det behövdes', 0, NULL, NULL, NULL, 'JARJESTELMA', 'JARJESTELMA', '2015-09-10 12:06:12.491909+00', '2015-09-10 12:06:12.491909+00', NULL);
INSERT INTO kysymys (kysymysid, pakollinen, poistettava, vastaustyyppi, kysymysryhmaid, kysymys_fi, kysymys_sv, jarjestys, jatkokysymysid, monivalinta_max, max_vastaus, luotu_kayttaja, muutettu_kayttaja, luotuaika, muutettuaika, eos_vastaus_sallittu) VALUES (7314679, true, false, 'likert_asteikko', 3342149, 'Saamani ohjaus edisti oppimisprosessiani', 'Den handledning jag fick främjade min inlärningsprocess', 1, NULL, NULL, NULL, 'JARJESTELMA', 'JARJESTELMA', '2015-09-10 12:06:12.491909+00', '2015-09-10 12:06:12.491909+00', NULL);
INSERT INTO kysymys (kysymysid, pakollinen, poistettava, vastaustyyppi, kysymysryhmaid, kysymys_fi, kysymys_sv, jarjestys, jatkokysymysid, monivalinta_max, max_vastaus, luotu_kayttaja, muutettu_kayttaja, luotuaika, muutettuaika, eos_vastaus_sallittu) VALUES (7314680, true, false, 'likert_asteikko', 3342149, 'Ohjaus ja neuvonta olivat näyttötutkintotoiminnan kannalta asiantuntevaa', 'Handledningen och rådgivningen var sakkunnig med avseende på verksamheten kring de fristående examina', 2, NULL, NULL, NULL, 'JARJESTELMA', 'JARJESTELMA', '2015-09-10 12:06:12.491909+00', '2015-09-10 12:06:12.491909+00', NULL);
INSERT INTO kysymys (kysymysid, pakollinen, poistettava, vastaustyyppi, kysymysryhmaid, kysymys_fi, kysymys_sv, jarjestys, jatkokysymysid, monivalinta_max, max_vastaus, luotu_kayttaja, muutettu_kayttaja, luotuaika, muutettuaika, eos_vastaus_sallittu) VALUES (7314681, true, false, 'likert_asteikko', 3342149, 'Sain arviointia ja palautetta koulutuksen kuluessa', 'Jag fick bedömning och feedback under utbildningens gång', 3, NULL, NULL, NULL, 'JARJESTELMA', 'JARJESTELMA', '2015-09-10 12:06:12.491909+00', '2015-09-10 12:06:12.491909+00', NULL);
INSERT INTO kysymys (kysymysid, pakollinen, poistettava, vastaustyyppi, kysymysryhmaid, kysymys_fi, kysymys_sv, jarjestys, jatkokysymysid, monivalinta_max, max_vastaus, luotu_kayttaja, muutettu_kayttaja, luotuaika, muutettuaika, eos_vastaus_sallittu) VALUES (7314682, true, false, 'likert_asteikko', 3342149, 'Koulutuksessa hyödynnettiin itsearviointia ja vertaisarviointia', 'I utbildningen användes självutvärdering och kollegial utvärdering', 4, NULL, NULL, NULL, 'JARJESTELMA', 'JARJESTELMA', '2015-09-10 12:06:12.491909+00', '2015-09-10 12:06:12.491909+00', NULL);
INSERT INTO kysymys (kysymysid, pakollinen, poistettava, vastaustyyppi, kysymysryhmaid, kysymys_fi, kysymys_sv, jarjestys, jatkokysymysid, monivalinta_max, max_vastaus, luotu_kayttaja, muutettu_kayttaja, luotuaika, muutettuaika, eos_vastaus_sallittu) VALUES (7314683, true, false, 'arvosana', 3342149, 'Anna arvio koulutukselle (5 = paras)', 'Bedöm utbildningen (5 = bäst)', 5, NULL, NULL, NULL, 'JARJESTELMA', 'JARJESTELMA', '2015-09-10 12:06:12.491909+00', '2015-09-10 12:06:12.491909+00', NULL);
INSERT INTO kysymys (kysymysid, pakollinen, poistettava, vastaustyyppi, kysymysryhmaid, kysymys_fi, kysymys_sv, jarjestys, jatkokysymysid, monivalinta_max, max_vastaus, luotu_kayttaja, muutettu_kayttaja, luotuaika, muutettuaika, eos_vastaus_sallittu) VALUES (280, true, false, 'monivalinta', 1, 'Sukupuoli', 'Kön', 1, NULL, 1, NULL, 'KONVERSIO', 'KONVERSIO', '2008-05-14 09:51:02.958078+00', '2008-09-30 09:08:11.568938+00', NULL);
INSERT INTO kysymys (kysymysid, pakollinen, poistettava, vastaustyyppi, kysymysryhmaid, kysymys_fi, kysymys_sv, jarjestys, jatkokysymysid, monivalinta_max, max_vastaus, luotu_kayttaja, muutettu_kayttaja, luotuaika, muutettuaika, eos_vastaus_sallittu) VALUES (289, true, false, 'monivalinta', 1, 'Äidinkieli', 'Modersmål', 2, NULL, 1, NULL, 'KONVERSIO', 'KONVERSIO', '2008-05-14 09:52:07.177223+00', '2008-09-30 09:08:25.077082+00', NULL);
INSERT INTO kysymys (kysymysid, pakollinen, poistettava, vastaustyyppi, kysymysryhmaid, kysymys_fi, kysymys_sv, jarjestys, jatkokysymysid, monivalinta_max, max_vastaus, luotu_kayttaja, muutettu_kayttaja, luotuaika, muutettuaika, eos_vastaus_sallittu) VALUES (301, true, false, 'monivalinta', 1, 'Ikä', 'Ålder', 3, NULL, 1, NULL, 'KONVERSIO', 'KONVERSIO', '2008-05-14 09:54:49.261394+00', '2008-09-30 09:08:36.964761+00', NULL);
INSERT INTO kysymys (kysymysid, pakollinen, poistettava, vastaustyyppi, kysymysryhmaid, kysymys_fi, kysymys_sv, jarjestys, jatkokysymysid, monivalinta_max, max_vastaus, luotu_kayttaja, muutettu_kayttaja, luotuaika, muutettuaika, eos_vastaus_sallittu) VALUES (319, true, false, 'monivalinta', 1, 'Korkein koulutus tai tutkinto, jonka olet suorittanut', 'Högsta utbildning eller examen som du har avlagt', 4, NULL, 1, NULL, 'KONVERSIO', 'KONVERSIO', '2008-05-14 12:07:32.368276+00', '2008-09-30 09:09:12.799498+00', NULL);
INSERT INTO kysymys (kysymysid, pakollinen, poistettava, vastaustyyppi, kysymysryhmaid, kysymys_fi, kysymys_sv, jarjestys, jatkokysymysid, monivalinta_max, max_vastaus, luotu_kayttaja, muutettu_kayttaja, luotuaika, muutettuaika, eos_vastaus_sallittu) VALUES (343, true, false, 'monivalinta', 1, 'Mitä kautta sait ensisijaisesti tiedon mahdollisuudesta suorittaa näyttötutkinto (valitse 
enintään kolme)', 'Varifrån fick du i första hand information om möjligheten att avlägga en fristående 
examen (välj högst tre)', 5, NULL, 3, NULL, 'KONVERSIO', 'KONVERSIO', '2008-05-14 12:14:47.219674+00', '2008-09-30 09:09:34.443849+00', NULL);
INSERT INTO kysymys (kysymysid, pakollinen, poistettava, vastaustyyppi, kysymysryhmaid, kysymys_fi, kysymys_sv, jarjestys, jatkokysymysid, monivalinta_max, max_vastaus, luotu_kayttaja, muutettu_kayttaja, luotuaika, muutettuaika, eos_vastaus_sallittu) VALUES (379, true, false, 'monivalinta', 1, 'Onko tarkoituksenasi suorittaa nyt', 'Har du nu för avsikt att avlägga', 6, NULL, 1, NULL, 'KONVERSIO', 'KONVERSIO', '2008-05-14 12:16:11.373672+00', '2008-09-30 09:09:48.76541+00', NULL);
INSERT INTO kysymys (kysymysid, pakollinen, poistettava, vastaustyyppi, kysymysryhmaid, kysymys_fi, kysymys_sv, jarjestys, jatkokysymysid, monivalinta_max, max_vastaus, luotu_kayttaja, muutettu_kayttaja, luotuaika, muutettuaika, eos_vastaus_sallittu) VALUES (7312017, true, false, 'likert_asteikko', 3341886, 'Aikaisemmat opintoni, työkokemukseni ja muu osaamiseni selvitettiin monipuolisesti hakeutumisen aikana', 'Mina tidigare studier, min arbetserfarenhet och mitt övriga kunnande utreddes mångsidigt i ansökningsskedet', 0, NULL, NULL, NULL, 'JARJESTELMA', 'JARJESTELMA', '2015-01-03 14:28:30.887531+00', '2015-01-03 14:28:30.887531+00', NULL);
INSERT INTO kysymys (kysymysid, pakollinen, poistettava, vastaustyyppi, kysymysryhmaid, kysymys_fi, kysymys_sv, jarjestys, jatkokysymysid, monivalinta_max, max_vastaus, luotu_kayttaja, muutettu_kayttaja, luotuaika, muutettuaika, eos_vastaus_sallittu) VALUES (7312018, true, false, 'likert_asteikko', 3341886, 'Tiedän, minkälaista ammattitaitoa valitsemassani tutkinnossa vaaditaan', 'Jag vet vilket slags yrkesskicklighet som krävs i den examen jag valt', 1, NULL, NULL, NULL, 'JARJESTELMA', 'JARJESTELMA', '2015-01-03 14:28:30.887531+00', '2015-01-03 14:28:30.887531+00', NULL);
INSERT INTO kysymys (kysymysid, pakollinen, poistettava, vastaustyyppi, kysymysryhmaid, kysymys_fi, kysymys_sv, jarjestys, jatkokysymysid, monivalinta_max, max_vastaus, luotu_kayttaja, muutettu_kayttaja, luotuaika, muutettuaika, eos_vastaus_sallittu) VALUES (7312019, true, false, 'likert_asteikko', 3341886, 'Sain riittävästi tietoa tutkintooni liittyvistä terveydentilavaatimuksista (Tähän kysymykseen vastaavat vain kuljetusalalle, sosiaali-, terveys- ja liikunta-alalle tai humanistiselle ja kasvatusalalle lasten- ja nuorten parissa tehtäviin töihin aikovat. Muut vastaavat: ei kokemusta.)', 'Jag fick tillräcklig information om de krav på hälsotillstånd som ansluter sig till min examen (Den här frågan besvaras endast av personer som siktar på arbete inom transportbranschen, social-, hälso- och idrottsområdet eller det humanistiska och pedagogiska området i uppgifter som involverar barn och ungdomar. De andra svarar: saknar erfarenhet.)', 2, NULL, NULL, NULL, 'JARJESTELMA', 'JARJESTELMA', '2015-01-03 14:28:30.887531+00', '2015-01-03 14:28:30.887531+00', true);
INSERT INTO kysymys (kysymysid, pakollinen, poistettava, vastaustyyppi, kysymysryhmaid, kysymys_fi, kysymys_sv, jarjestys, jatkokysymysid, monivalinta_max, max_vastaus, luotu_kayttaja, muutettu_kayttaja, luotuaika, muutettuaika, eos_vastaus_sallittu) VALUES (7312020, true, false, 'likert_asteikko', 3341886, 'Sain vaikuttaa tutkintoon kuuluvien tutkinnon osien valintaan', 'Jag fick påverka valet av de examensdelar som hör till min examen', 3, NULL, NULL, NULL, 'JARJESTELMA', 'JARJESTELMA', '2015-01-03 14:28:30.887531+00', '2015-01-03 14:28:30.887531+00', NULL);
INSERT INTO kysymys (kysymysid, pakollinen, poistettava, vastaustyyppi, kysymysryhmaid, kysymys_fi, kysymys_sv, jarjestys, jatkokysymysid, monivalinta_max, max_vastaus, luotu_kayttaja, muutettu_kayttaja, luotuaika, muutettuaika, eos_vastaus_sallittu) VALUES (7312021, true, false, 'kylla_ei_valinta', 3341886, 'Sain tietoa koulutukseen liittyvistä taloudellisista tukimuodoista ja opintososiaalisista eduista', 'Jag fick information om de ekonomiska stödformer och studiesociala förmåner som ansluter sig till utbildningen', 4, NULL, NULL, NULL, 'JARJESTELMA', 'JARJESTELMA', '2015-01-03 14:28:30.887531+00', '2015-01-03 14:28:30.887531+00', NULL);
INSERT INTO kysymys (kysymysid, pakollinen, poistettava, vastaustyyppi, kysymysryhmaid, kysymys_fi, kysymys_sv, jarjestys, jatkokysymysid, monivalinta_max, max_vastaus, luotu_kayttaja, muutettu_kayttaja, luotuaika, muutettuaika, eos_vastaus_sallittu) VALUES (7312022, true, false, 'kylla_ei_valinta', 3341886, 'Kanssani selvitettiin opiskeluuni tai tutkinnon suorittamiseeni liittyviä mahdollisia vaikeuksia (esimerkiksi kieleen, lukemiseen, kirjoittamiseen, hahmottamiseen tai keskittymiseen liittyen)?', 'Man utredde med mig eventuella svårigheter i anslutning till studierna eller avläggandet av examen (till exempel i anslutning till språket, läsning, skrivning, gestaltning eller koncentration)?', 5, NULL, NULL, NULL, 'JARJESTELMA', 'JARJESTELMA', '2015-01-03 14:28:30.887531+00', '2015-01-03 14:28:30.887531+00', NULL);
INSERT INTO kysymys (kysymysid, pakollinen, poistettava, vastaustyyppi, kysymysryhmaid, kysymys_fi, kysymys_sv, jarjestys, jatkokysymysid, monivalinta_max, max_vastaus, luotu_kayttaja, muutettu_kayttaja, luotuaika, muutettuaika, eos_vastaus_sallittu) VALUES (7312023, true, false, 'monivalinta', 3341886, 'Minut ohjattiin suoraan tutkintotilaisuuteen (yksi tai useampi tutkinnon osa)', 'Jag hänvisades direkt till ett examenstillfälle (en eller flera examensdelar)', 6, NULL, 1, NULL, 'JARJESTELMA', 'JARJESTELMA', '2015-01-03 14:28:30.887531+00', '2015-01-03 14:28:30.887531+00', NULL);
INSERT INTO kysymys (kysymysid, pakollinen, poistettava, vastaustyyppi, kysymysryhmaid, kysymys_fi, kysymys_sv, jarjestys, jatkokysymysid, monivalinta_max, max_vastaus, luotu_kayttaja, muutettu_kayttaja, luotuaika, muutettuaika, eos_vastaus_sallittu) VALUES (7312024, true, false, 'kylla_ei_valinta', 3341886, 'Aikaisempi tutkintoon liittyvä osaamiseni lyhentää olennaisesti valmistavaa koulutusta tai tutkinnon suorittamista', 'Mitt tidigare kunnande i anslutning till examen förkortar väsentligt den förberedande utbildningen eller avläggandet av examen', 7, NULL, NULL, NULL, 'JARJESTELMA', 'JARJESTELMA', '2015-01-03 14:28:30.887531+00', '2015-01-03 14:28:30.887531+00', NULL);
INSERT INTO kysymys (kysymysid, pakollinen, poistettava, vastaustyyppi, kysymysryhmaid, kysymys_fi, kysymys_sv, jarjestys, jatkokysymysid, monivalinta_max, max_vastaus, luotu_kayttaja, muutettu_kayttaja, luotuaika, muutettuaika, eos_vastaus_sallittu) VALUES (7312025, true, false, 'likert_asteikko', 3341886, 'Kanssani tehtiin henkilökohtainen kirjallinen suunnitelma, jossa sovimme tarvitsemastani koulutuksesta, opiskelumuodoista, ohjauksesta, tutkinnon suorittamisesta ja aikatauluista', 'Man utarbetade med mig en personlig, skriftlig plan, i vilken vi kom överens om vilket slags utbildning jag behöver, studieformerna, handledning, avläggandet av examen och tidtabeller', 8, NULL, NULL, NULL, 'JARJESTELMA', 'JARJESTELMA', '2015-01-03 14:28:30.887531+00', '2015-01-03 14:28:30.887531+00', NULL);
INSERT INTO kysymys (kysymysid, pakollinen, poistettava, vastaustyyppi, kysymysryhmaid, kysymys_fi, kysymys_sv, jarjestys, jatkokysymysid, monivalinta_max, max_vastaus, luotu_kayttaja, muutettu_kayttaja, luotuaika, muutettuaika, eos_vastaus_sallittu) VALUES (7312026, true, false, 'arvosana', 3341886, 'Miten arvioit hakeutumisen onnistuneen kokonaisuutena?', 'Hur bedömer du att ansökningsskedet lyckades som helhet?', 9, NULL, NULL, NULL, 'JARJESTELMA', 'JARJESTELMA', '2015-01-03 14:28:30.887531+00', '2015-01-03 14:28:30.887531+00', NULL);
INSERT INTO kysymys (kysymysid, pakollinen, poistettava, vastaustyyppi, kysymysryhmaid, kysymys_fi, kysymys_sv, jarjestys, jatkokysymysid, monivalinta_max, max_vastaus, luotu_kayttaja, muutettu_kayttaja, luotuaika, muutettuaika, eos_vastaus_sallittu) VALUES (445, true, false, 'kylla_ei_valinta', 4, 'Oliko sinulla aikaisempaa osaamista liittyen tutkintovaatimuksiin?', 'Hade du tidigare kompetens rörande examenskraven?', 1, 445, NULL, NULL, 'KONVERSIO', 'KONVERSIO', '2008-05-14 12:40:58.073051+00', '2008-05-14 12:40:58.073051+00', NULL);
INSERT INTO kysymys (kysymysid, pakollinen, poistettava, vastaustyyppi, kysymysryhmaid, kysymys_fi, kysymys_sv, jarjestys, jatkokysymysid, monivalinta_max, max_vastaus, luotu_kayttaja, muutettu_kayttaja, luotuaika, muutettuaika, eos_vastaus_sallittu) VALUES (442, true, false, 'asteikko', 4, 'Miten tyytyväinen olit valmistavan koulutuksen laatuun?', 'Tyckte du att utbildningens kvalitet var god?', 2, NULL, NULL, NULL, 'KONVERSIO', 'KONVERSIO', '2008-05-15 03:00:20.825793+00', '2008-05-15 03:00:20.825793+00', NULL);
INSERT INTO kysymys (kysymysid, pakollinen, poistettava, vastaustyyppi, kysymysryhmaid, kysymys_fi, kysymys_sv, jarjestys, jatkokysymysid, monivalinta_max, max_vastaus, luotu_kayttaja, muutettu_kayttaja, luotuaika, muutettuaika, eos_vastaus_sallittu) VALUES (421, true, false, 'kylla_ei_valinta', 4, 'Olitko perehtynyt näyttötutkinnossasi edellytettyyn ammattitaitoon?', 'Hade du bekantat dig med vilken yrkesskicklighet den examen du skulle avlägga 
förutsatte?', 3, NULL, NULL, NULL, 'KONVERSIO', 'KONVERSIO', '2008-05-15 03:01:09.122052+00', '2008-05-15 03:01:09.122052+00', NULL);
INSERT INTO kysymys (kysymysid, pakollinen, poistettava, vastaustyyppi, kysymysryhmaid, kysymys_fi, kysymys_sv, jarjestys, jatkokysymysid, monivalinta_max, max_vastaus, luotu_kayttaja, muutettu_kayttaja, luotuaika, muutettuaika, eos_vastaus_sallittu) VALUES (424, true, false, 'asteikko', 4, 'Vastasiko valmistava koulutus mielestäsi näyttötutkinnossasi edellytettyä 
ammattitaitoa?', 'Tycker du att den utbildning du fick motsvarar den yrkesskicklighet som förutsätts i 
examen?', 4, NULL, NULL, NULL, 'KONVERSIO', 'KONVERSIO', '2008-05-15 03:01:56.367974+00', '2008-05-15 03:01:56.367974+00', NULL);
INSERT INTO kysymys (kysymysid, pakollinen, poistettava, vastaustyyppi, kysymysryhmaid, kysymys_fi, kysymys_sv, jarjestys, jatkokysymysid, monivalinta_max, max_vastaus, luotu_kayttaja, muutettu_kayttaja, luotuaika, muutettuaika, eos_vastaus_sallittu) VALUES (427, true, false, 'kylla_ei_valinta', 4, 'Sisältyikö koulutukseesi työpaikalla tapahtuvaa ammattitaidon hankkimista?', 'Ingick det i din utbildning att införskaffa yrkesskicklighet på arbetsplatsen?', 5, 427, NULL, NULL, 'KONVERSIO', 'KONVERSIO', '2008-05-15 03:04:23.928789+00', '2008-05-15 03:04:23.928789+00', NULL);
INSERT INTO kysymys (kysymysid, pakollinen, poistettava, vastaustyyppi, kysymysryhmaid, kysymys_fi, kysymys_sv, jarjestys, jatkokysymysid, monivalinta_max, max_vastaus, luotu_kayttaja, muutettu_kayttaja, luotuaika, muutettuaika, eos_vastaus_sallittu) VALUES (430, true, false, 'kylla_ei_valinta', 4, 'Saitko oppilaitokselta (tai oppisopimustoimistolta) ohjausta käytännön työssä 
oppiessasi?', 'Fick du handledning av läroanstalten (eller läroanstaltsbyrån) under din inlärning i 
praktiska arbetsuppgifter?', 6, 430, NULL, NULL, 'KONVERSIO', 'KONVERSIO', '2008-05-15 03:05:41.804728+00', '2008-05-15 03:05:41.804728+00', NULL);
INSERT INTO kysymys (kysymysid, pakollinen, poistettava, vastaustyyppi, kysymysryhmaid, kysymys_fi, kysymys_sv, jarjestys, jatkokysymysid, monivalinta_max, max_vastaus, luotu_kayttaja, muutettu_kayttaja, luotuaika, muutettuaika, eos_vastaus_sallittu) VALUES (433, true, false, 'kylla_ei_valinta', 4, 'Saitko työpaikalta ohjausta työssä oppimisen aikana?', 'Fick du handledning av arbetsplatsen under inlärningen i praktiskt arbete?', 7, 433, NULL, NULL, 'KONVERSIO', 'KONVERSIO', '2008-05-15 03:06:57.760562+00', '2008-05-15 03:06:57.760562+00', NULL);
INSERT INTO kysymys (kysymysid, pakollinen, poistettava, vastaustyyppi, kysymysryhmaid, kysymys_fi, kysymys_sv, jarjestys, jatkokysymysid, monivalinta_max, max_vastaus, luotu_kayttaja, muutettu_kayttaja, luotuaika, muutettuaika, eos_vastaus_sallittu) VALUES (436, true, false, 'kylla_ei_valinta', 4, 'Seurattiinko kanssasi henkilökohtaistamista koskevan kirjallisen suunnitelman 
toteutumista?', 'Följde man tillsammans med dig upp genomförandet av den skriftliga planen gällande 
den personliga tillämpningen?', 8, NULL, NULL, NULL, 'KONVERSIO', 'KONVERSIO', '2008-05-15 03:07:39.83831+00', '2008-05-15 03:07:39.83831+00', NULL);
INSERT INTO kysymys (kysymysid, pakollinen, poistettava, vastaustyyppi, kysymysryhmaid, kysymys_fi, kysymys_sv, jarjestys, jatkokysymysid, monivalinta_max, max_vastaus, luotu_kayttaja, muutettu_kayttaja, luotuaika, muutettuaika, eos_vastaus_sallittu) VALUES (439, true, false, 'asteikko', 4, 'Kuinka paljon suoritettu koulutus lisäsi ammatillista osaamistasi?', 'Hur mycket höjde den genomförda utbildningen din yrkeskompetens?', 9, NULL, NULL, NULL, 'KONVERSIO', 'KONVERSIO', '2008-05-15 03:08:31.641324+00', '2008-05-15 03:08:31.641324+00', NULL);
INSERT INTO kysymys (kysymysid, pakollinen, poistettava, vastaustyyppi, kysymysryhmaid, kysymys_fi, kysymys_sv, jarjestys, jatkokysymysid, monivalinta_max, max_vastaus, luotu_kayttaja, muutettu_kayttaja, luotuaika, muutettuaika, eos_vastaus_sallittu) VALUES (7312034, true, false, 'monivalinta', 3341884, 'Sukupuoli', 'Kön', 0, NULL, 1, NULL, 'JARJESTELMA', 'JARJESTELMA', '2015-01-03 14:28:48.620782+00', '2015-01-03 14:28:48.620782+00', NULL);
INSERT INTO kysymys (kysymysid, pakollinen, poistettava, vastaustyyppi, kysymysryhmaid, kysymys_fi, kysymys_sv, jarjestys, jatkokysymysid, monivalinta_max, max_vastaus, luotu_kayttaja, muutettu_kayttaja, luotuaika, muutettuaika, eos_vastaus_sallittu) VALUES (7312035, true, false, 'monivalinta', 3341884, 'Äidinkieli', 'Modersmål', 1, NULL, 1, NULL, 'JARJESTELMA', 'JARJESTELMA', '2015-01-03 14:28:48.620782+00', '2015-01-03 14:28:48.620782+00', NULL);
INSERT INTO kysymys (kysymysid, pakollinen, poistettava, vastaustyyppi, kysymysryhmaid, kysymys_fi, kysymys_sv, jarjestys, jatkokysymysid, monivalinta_max, max_vastaus, luotu_kayttaja, muutettu_kayttaja, luotuaika, muutettuaika, eos_vastaus_sallittu) VALUES (7312036, true, false, 'monivalinta', 3341884, 'Ikä', 'Ålder', 2, NULL, 1, NULL, 'JARJESTELMA', 'JARJESTELMA', '2015-01-03 14:28:48.620782+00', '2015-01-03 14:28:48.620782+00', NULL);
INSERT INTO kysymys (kysymysid, pakollinen, poistettava, vastaustyyppi, kysymysryhmaid, kysymys_fi, kysymys_sv, jarjestys, jatkokysymysid, monivalinta_max, max_vastaus, luotu_kayttaja, muutettu_kayttaja, luotuaika, muutettuaika, eos_vastaus_sallittu) VALUES (7312037, true, false, 'monivalinta', 3341884, 'Korkein koulutus tai tutkinto, jonka olet suorittanut ennen nyt suoritettavaa tutkintoa', 'Högsta utbildning eller examen som du har avlagt före den examen som nu ska avläggas', 3, NULL, 1, NULL, 'JARJESTELMA', 'JARJESTELMA', '2015-01-03 14:28:48.620782+00', '2015-01-03 14:28:48.620782+00', NULL);
INSERT INTO kysymys (kysymysid, pakollinen, poistettava, vastaustyyppi, kysymysryhmaid, kysymys_fi, kysymys_sv, jarjestys, jatkokysymysid, monivalinta_max, max_vastaus, luotu_kayttaja, muutettu_kayttaja, luotuaika, muutettuaika, eos_vastaus_sallittu) VALUES (7312038, true, false, 'monivalinta', 3341884, 'Tärkein syy, miksi hakeuduit suorittamaan näyttötutkintoa', 'Viktigaste orsak till att jag sökte till utbildningen', 4, NULL, 1, NULL, 'JARJESTELMA', 'JARJESTELMA', '2015-01-03 14:28:48.620782+00', '2015-01-03 14:28:48.620782+00', NULL);
INSERT INTO kysymys (kysymysid, pakollinen, poistettava, vastaustyyppi, kysymysryhmaid, kysymys_fi, kysymys_sv, jarjestys, jatkokysymysid, monivalinta_max, max_vastaus, luotu_kayttaja, muutettu_kayttaja, luotuaika, muutettuaika, eos_vastaus_sallittu) VALUES (7312039, true, false, 'monivalinta', 3341884, 'Mikä oli tilanteesi ennen kuin hakeuduit suorittamaan näyttötutkintoa', 'Vilken var din situation innan du ansökte om att avlägga examen', 5, NULL, 1, NULL, 'JARJESTELMA', 'JARJESTELMA', '2015-01-03 14:28:48.620782+00', '2015-01-03 14:28:48.620782+00', NULL);
INSERT INTO kysymys (kysymysid, pakollinen, poistettava, vastaustyyppi, kysymysryhmaid, kysymys_fi, kysymys_sv, jarjestys, jatkokysymysid, monivalinta_max, max_vastaus, luotu_kayttaja, muutettu_kayttaja, luotuaika, muutettuaika, eos_vastaus_sallittu) VALUES (7312040, true, false, 'monivalinta', 3341884, 'Tavoitteeni on', 'Mitt mål är att', 6, NULL, 1, NULL, 'JARJESTELMA', 'JARJESTELMA', '2015-01-03 14:28:48.620782+00', '2015-01-03 14:28:48.620782+00', NULL);
INSERT INTO kysymys (kysymysid, pakollinen, poistettava, vastaustyyppi, kysymysryhmaid, kysymys_fi, kysymys_sv, jarjestys, jatkokysymysid, monivalinta_max, max_vastaus, luotu_kayttaja, muutettu_kayttaja, luotuaika, muutettuaika, eos_vastaus_sallittu) VALUES (391, true, false, 'kylla_ei_valinta', 2, 'Selvitettiinkö kanssasi, mitä osaamista sinulla on (aikaisemmat opinnot, työkokemus 
tai muu osaaminen)?', 'Utredde man tillsammans med dig din kompetens (tidigare studier, arbetserfarenhet 
eller annan kompetens)?', 1, NULL, NULL, NULL, 'KONVERSIO', 'KONVERSIO', '2008-05-14 12:17:40.831009+00', '2008-05-14 12:17:40.831009+00', NULL);
INSERT INTO kysymys (kysymysid, pakollinen, poistettava, vastaustyyppi, kysymysryhmaid, kysymys_fi, kysymys_sv, jarjestys, jatkokysymysid, monivalinta_max, max_vastaus, luotu_kayttaja, muutettu_kayttaja, luotuaika, muutettuaika, eos_vastaus_sallittu) VALUES (394, true, false, 'kylla_ei_valinta', 2, 'Selvitettiinkö kanssasi, minkälaista ammattitaitoa valitsemassasi näyttötutkinnossa 
edellytetään?', 'Utredde man tillsammans med dig vilken yrkesskicklighet som krävs i examen?', 2, 394, NULL, NULL, 'KONVERSIO', 'KONVERSIO', '2008-05-14 12:20:03.839819+00', '2008-05-14 12:20:03.839819+00', NULL);
INSERT INTO kysymys (kysymysid, pakollinen, poistettava, vastaustyyppi, kysymysryhmaid, kysymys_fi, kysymys_sv, jarjestys, jatkokysymysid, monivalinta_max, max_vastaus, luotu_kayttaja, muutettu_kayttaja, luotuaika, muutettuaika, eos_vastaus_sallittu) VALUES (397, true, false, 'kylla_ei_valinta', 2, 'Kerrottiinko sinulle taloudellisista tukimuodoista,  jotka liittyvät opiskeluun ja 
näyttötutkinnon suorittamiseen (esimerkiksi opintotuki, aikuiskoulutustuki, 
työvoimakoulutuksen etuudet)?', 'Berättade man för dig om de former av ekonomiskt stöd som ansluter sig till studier 
och avläggande av examen (t.ex. studiestöd, vuxenutbildningsstöd, 
yrkesexamensstipendium)?', 3, NULL, NULL, NULL, 'KONVERSIO', 'KONVERSIO', '2008-05-14 12:21:18.292085+00', '2008-05-14 12:21:18.292085+00', NULL);
INSERT INTO kysymys (kysymysid, pakollinen, poistettava, vastaustyyppi, kysymysryhmaid, kysymys_fi, kysymys_sv, jarjestys, jatkokysymysid, monivalinta_max, max_vastaus, luotu_kayttaja, muutettu_kayttaja, luotuaika, muutettuaika, eos_vastaus_sallittu) VALUES (400, true, false, 'kylla_ei_valinta', 2, 'Selvitettiinkö kanssasi sinulle soveltuvia opiskelutapoja, joita oppilaitoksella on 
mahdollisuus tarjota (esimerkiksi lähiopetus, verkko-opiskelu, etäopiskelu, 
työssäoppiminen)?', 'Utredde man tillsammans med dig vilka studiesätt som läroanstalten kan erbjuda och 
som passar dig, (t.ex. närundervisning, webbundervisning, distansundervisning, 
inlärning i arbetet)?', 4, 400, NULL, NULL, 'KONVERSIO', 'KONVERSIO', '2008-05-14 12:23:11.295433+00', '2008-05-14 12:23:11.295433+00', NULL);
INSERT INTO kysymys (kysymysid, pakollinen, poistettava, vastaustyyppi, kysymysryhmaid, kysymys_fi, kysymys_sv, jarjestys, jatkokysymysid, monivalinta_max, max_vastaus, luotu_kayttaja, muutettu_kayttaja, luotuaika, muutettuaika, eos_vastaus_sallittu) VALUES (388, true, false, 'kylla_ei_valinta', 2, 'Selvitettiinkö kanssasi, onko sinulla mahdollisia vaikeuksia liittyen opiskeluun tai 
tutkinnon suorittamiseen (esimerkiksi liittyen kieleen, lukemiseen, kirjoittamiseen, 
hahmottamiseen tai keskittymiseen)?', 'Utredde man tillsammans med dig möjliga svårigheter rörande studerandet eller 
avläggande av examen (t.ex. i anslutning till språk, läsning, skrivning, gestaltning eller 
koncentration)?', 5, 388, NULL, NULL, 'KONVERSIO', 'KONVERSIO', '2008-05-14 12:25:12.174503+00', '2008-05-14 12:25:12.174503+00', NULL);
INSERT INTO kysymys (kysymysid, pakollinen, poistettava, vastaustyyppi, kysymysryhmaid, kysymys_fi, kysymys_sv, jarjestys, jatkokysymysid, monivalinta_max, max_vastaus, luotu_kayttaja, muutettu_kayttaja, luotuaika, muutettuaika, eos_vastaus_sallittu) VALUES (403, true, false, 'kylla_ei_valinta', 2, 'Tehtiinkö kanssasi henkilökohtaistamista koskeva kirjallinen suunnitelma 
(suunnitelma on kuvaus muun muassa siitä, miten ja missä ammattitaito osoitetaan 
ja tarvittaessa hankitaan sekä mitä ohjausta tarvitaan)?', 'Gjorde man tillsammans med dig en skriftlig plan för den personliga tillämpningen 
(den skriftliga planen är bl.a. en beskrivning över hur och var yrkesskickligheten visas 
och vid behov förvärvas, samt vilken handledning som behövs)?', 7, 403, NULL, NULL, 'KONVERSIO', 'KONVERSIO', '2008-05-14 12:26:53.740204+00', '2008-05-14 12:26:53.740204+00', NULL);
INSERT INTO kysymys (kysymysid, pakollinen, poistettava, vastaustyyppi, kysymysryhmaid, kysymys_fi, kysymys_sv, jarjestys, jatkokysymysid, monivalinta_max, max_vastaus, luotu_kayttaja, muutettu_kayttaja, luotuaika, muutettuaika, eos_vastaus_sallittu) VALUES (7312000, true, false, 'likert_asteikko', 3341888, 'Oppilaitoksen järjestämä koulutus vastasi tutkinnossa edellytettyä osaamista', 'Utbildningen som läroanstalten ordnade motsvarade det kunnande som förutsattes i examen', 0, NULL, NULL, NULL, 'JARJESTELMA', 'JARJESTELMA', '2015-01-03 14:27:57.596307+00', '2015-01-03 14:27:57.596307+00', NULL);
INSERT INTO kysymys (kysymysid, pakollinen, poistettava, vastaustyyppi, kysymysryhmaid, kysymys_fi, kysymys_sv, jarjestys, jatkokysymysid, monivalinta_max, max_vastaus, luotu_kayttaja, muutettu_kayttaja, luotuaika, muutettuaika, eos_vastaus_sallittu) VALUES (7312001, true, false, 'kylla_ei_valinta', 3341888, 'Koulutukseeni sisältyi työpaikalla tapahtuvaa oppimista', 'I min utbildning ingick lärande på en arbetsplats', 1, 7226897, NULL, NULL, 'JARJESTELMA', 'JARJESTELMA', '2015-01-03 14:27:57.596307+00', '2015-01-03 14:27:57.596307+00', NULL);
INSERT INTO kysymys (kysymysid, pakollinen, poistettava, vastaustyyppi, kysymysryhmaid, kysymys_fi, kysymys_sv, jarjestys, jatkokysymysid, monivalinta_max, max_vastaus, luotu_kayttaja, muutettu_kayttaja, luotuaika, muutettuaika, eos_vastaus_sallittu) VALUES (7312002, true, false, 'likert_asteikko', 3341888, 'Koulutus lisäsi kestävän kehityksen osaamistani', 'Utbildningen ökade mitt kunnande om hållbar utveckling', 2, NULL, NULL, NULL, 'JARJESTELMA', 'JARJESTELMA', '2015-01-03 14:27:57.596307+00', '2015-01-03 14:27:57.596307+00', NULL);
INSERT INTO kysymys (kysymysid, pakollinen, poistettava, vastaustyyppi, kysymysryhmaid, kysymys_fi, kysymys_sv, jarjestys, jatkokysymysid, monivalinta_max, max_vastaus, luotu_kayttaja, muutettu_kayttaja, luotuaika, muutettuaika, eos_vastaus_sallittu) VALUES (7312003, true, false, 'likert_asteikko', 3341888, 'Sain oppilaitokselta tai oppisopimuskoulutuksen järjestäjältä riittävästi ohjausta', 'Jag fick tillräcklig handledning av läroanstalten eller av anordnaren av läroavtalsutbildningen', 3, NULL, NULL, NULL, 'JARJESTELMA', 'JARJESTELMA', '2015-01-03 14:27:57.596307+00', '2015-01-03 14:27:57.596307+00', NULL);
INSERT INTO kysymys (kysymysid, pakollinen, poistettava, vastaustyyppi, kysymysryhmaid, kysymys_fi, kysymys_sv, jarjestys, jatkokysymysid, monivalinta_max, max_vastaus, luotu_kayttaja, muutettu_kayttaja, luotuaika, muutettuaika, eos_vastaus_sallittu) VALUES (7312004, true, false, 'likert_asteikko', 3341888, 'Sain työpaikalla riittävästi ohjausta työssä oppimisen aikana', 'Jag fick tillräckligt handledning på arbetsplatsen under inlärningen i arbetet', 4, NULL, NULL, NULL, 'JARJESTELMA', 'JARJESTELMA', '2015-01-03 14:27:57.596307+00', '2015-01-03 14:27:57.596307+00', true);
INSERT INTO kysymys (kysymysid, pakollinen, poistettava, vastaustyyppi, kysymysryhmaid, kysymys_fi, kysymys_sv, jarjestys, jatkokysymysid, monivalinta_max, max_vastaus, luotu_kayttaja, muutettu_kayttaja, luotuaika, muutettuaika, eos_vastaus_sallittu) VALUES (7312005, true, false, 'kylla_ei_valinta', 3341888, 'Henkilökohtaista kirjallista suunnitelmaani päivitettiin tarpeen mukaan opintojen edetessä', 'Min personliga skriftliga plan uppdaterades enligt behov i takt med att studierna framskred', 5, NULL, NULL, NULL, 'JARJESTELMA', 'JARJESTELMA', '2015-01-03 14:27:57.596307+00', '2015-01-03 14:27:57.596307+00', NULL);
INSERT INTO kysymys (kysymysid, pakollinen, poistettava, vastaustyyppi, kysymysryhmaid, kysymys_fi, kysymys_sv, jarjestys, jatkokysymysid, monivalinta_max, max_vastaus, luotu_kayttaja, muutettu_kayttaja, luotuaika, muutettuaika, eos_vastaus_sallittu) VALUES (7312006, true, false, 'likert_asteikko', 3341888, 'Koulutus lisäsi ammatillista osaamistani', 'Utbildningen ökade mitt yrkeskunnande', 6, NULL, NULL, NULL, 'JARJESTELMA', 'JARJESTELMA', '2015-01-03 14:27:57.596307+00', '2015-01-03 14:27:57.596307+00', NULL);
INSERT INTO kysymys (kysymysid, pakollinen, poistettava, vastaustyyppi, kysymysryhmaid, kysymys_fi, kysymys_sv, jarjestys, jatkokysymysid, monivalinta_max, max_vastaus, luotu_kayttaja, muutettu_kayttaja, luotuaika, muutettuaika, eos_vastaus_sallittu) VALUES (7312007, true, false, 'arvosana', 3341888, 'Miten arvioit ammattitaidon hankkimisen (mm. valmistava koulutus, oppisopimuskoulutuksen tietopuoliset opinnot sekä työssä oppiminen) onnistuneen kokonaisuutena?', 'Hur skulle du uppskatta att förvärvandet av yrkesskicklighet (bl.a. förberedande 	utbildning, läroavtalsutbildningens teoretiska studier och inlärning i arbetet) lyckades som helhet?', 7, NULL, NULL, NULL, 'JARJESTELMA', 'JARJESTELMA', '2015-01-03 14:27:57.596307+00', '2015-01-03 14:27:57.596307+00', NULL);
INSERT INTO kysymys (kysymysid, pakollinen, poistettava, vastaustyyppi, kysymysryhmaid, kysymys_fi, kysymys_sv, jarjestys, jatkokysymysid, monivalinta_max, max_vastaus, luotu_kayttaja, muutettu_kayttaja, luotuaika, muutettuaika, eos_vastaus_sallittu) VALUES (406, true, false, 'kylla_ei_valinta', 3, 'Oliko sinulla aikaisempaa osaamista, joka voitiin ottaa huomioon tutkinnon 
suorittamisessa?', 'Hade du tidigare kompetens, som kunde beaktas vid avläggandet av examen?', 1, 406, NULL, NULL, 'KONVERSIO', 'KONVERSIO', '2008-05-14 12:29:25.259848+00', '2008-05-14 12:29:25.259848+00', NULL);
INSERT INTO kysymys (kysymysid, pakollinen, poistettava, vastaustyyppi, kysymysryhmaid, kysymys_fi, kysymys_sv, jarjestys, jatkokysymysid, monivalinta_max, max_vastaus, luotu_kayttaja, muutettu_kayttaja, luotuaika, muutettuaika, eos_vastaus_sallittu) VALUES (412, true, false, 'kylla_ei_valinta', 3, 'Suunniteltiinko tutkintotilaisuuksien käytännön järjestelyjä kanssasi?', 'Planerades de praktiska arrangemangen för examenstillfällen tillsammans med dig?', 2, 412, NULL, NULL, 'KONVERSIO', 'KONVERSIO', '2008-05-14 12:34:04.413785+00', '2008-05-14 12:34:04.413785+00', NULL);
INSERT INTO kysymys (kysymysid, pakollinen, poistettava, vastaustyyppi, kysymysryhmaid, kysymys_fi, kysymys_sv, jarjestys, jatkokysymysid, monivalinta_max, max_vastaus, luotu_kayttaja, muutettu_kayttaja, luotuaika, muutettuaika, eos_vastaus_sallittu) VALUES (409, true, false, 'kylla_ei_valinta', 3, 'Osoititko osaamisesi käytännön työtehtävissä muualla kuin oppilaitoksessa?', 'Visade du ditt kunnande genom praktiska uppgifter på något annat ställe än på 
läroanstalten?', 3, 409, NULL, NULL, 'KONVERSIO', 'KONVERSIO', '2008-05-14 12:35:41.464779+00', '2008-05-14 12:35:41.464779+00', NULL);
INSERT INTO kysymys (kysymysid, pakollinen, poistettava, vastaustyyppi, kysymysryhmaid, kysymys_fi, kysymys_sv, jarjestys, jatkokysymysid, monivalinta_max, max_vastaus, luotu_kayttaja, muutettu_kayttaja, luotuaika, muutettuaika, eos_vastaus_sallittu) VALUES (415, true, false, 'kylla_ei_valinta', 3, 'Kysyttiinkö sinulta näyttötutkinnon suorittamisen yhteydessä myös omaa arviotasi 
tutkintosuorituksesta?', 'Frågade man i samband med avläggandet av examen också efter din egen bedömning 
av hur du hade lyckats i examen?', 4, NULL, NULL, NULL, 'KONVERSIO', 'KONVERSIO', '2008-05-14 12:36:25.209355+00', '2008-06-24 06:09:55.250824+00', NULL);
INSERT INTO kysymys (kysymysid, pakollinen, poistettava, vastaustyyppi, kysymysryhmaid, kysymys_fi, kysymys_sv, jarjestys, jatkokysymysid, monivalinta_max, max_vastaus, luotu_kayttaja, muutettu_kayttaja, luotuaika, muutettuaika, eos_vastaus_sallittu) VALUES (418, true, false, 'kylla_ei_valinta', 3, 'Kerrottiinko sinulle arvioinnin tulos näyttötutkinnon suorittamisen yhteydessä?', 'Fick du resultatet av bedömningen i samband med examenstillfället?', 5, 418, NULL, NULL, 'KONVERSIO', 'KONVERSIO', '2008-05-14 12:38:28.482042+00', '2008-05-14 12:38:28.482042+00', NULL);
INSERT INTO kysymys (kysymysid, pakollinen, poistettava, vastaustyyppi, kysymysryhmaid, kysymys_fi, kysymys_sv, jarjestys, jatkokysymysid, monivalinta_max, max_vastaus, luotu_kayttaja, muutettu_kayttaja, luotuaika, muutettuaika, eos_vastaus_sallittu) VALUES (7314654, true, false, 'monivalinta', 3342146, 'Sukupuoli', 'Kön', 0, NULL, 1, NULL, 'JARJESTELMA', 'JARJESTELMA', '2015-09-10 11:59:08.354997+00', '2015-09-10 11:59:08.354997+00', NULL);
INSERT INTO kysymys (kysymysid, pakollinen, poistettava, vastaustyyppi, kysymysryhmaid, kysymys_fi, kysymys_sv, jarjestys, jatkokysymysid, monivalinta_max, max_vastaus, luotu_kayttaja, muutettu_kayttaja, luotuaika, muutettuaika, eos_vastaus_sallittu) VALUES (7314655, true, false, 'monivalinta', 3342146, 'Ikä', 'Ålder', 1, NULL, 1, NULL, 'JARJESTELMA', 'JARJESTELMA', '2015-09-10 11:59:08.354997+00', '2015-09-10 11:59:08.354997+00', NULL);
INSERT INTO kysymys (kysymysid, pakollinen, poistettava, vastaustyyppi, kysymysryhmaid, kysymys_fi, kysymys_sv, jarjestys, jatkokysymysid, monivalinta_max, max_vastaus, luotu_kayttaja, muutettu_kayttaja, luotuaika, muutettuaika, eos_vastaus_sallittu) VALUES (7314656, true, false, 'monivalinta', 3342146, 'Ala, jolla työskentelen', 'Bransch inom vilken jag arbetar', 2, NULL, 1, NULL, 'JARJESTELMA', 'JARJESTELMA', '2015-09-10 11:59:08.354997+00', '2015-09-10 11:59:08.354997+00', NULL);
INSERT INTO kysymys (kysymysid, pakollinen, poistettava, vastaustyyppi, kysymysryhmaid, kysymys_fi, kysymys_sv, jarjestys, jatkokysymysid, monivalinta_max, max_vastaus, luotu_kayttaja, muutettu_kayttaja, luotuaika, muutettuaika, eos_vastaus_sallittu) VALUES (7314657, true, false, 'monivalinta', 3342146, 'Toimintaympäristö', 'Verksamhetsmiljö', 3, NULL, 1, NULL, 'JARJESTELMA', 'JARJESTELMA', '2015-09-10 11:59:08.354997+00', '2015-09-10 11:59:08.354997+00', NULL);
INSERT INTO kysymys (kysymysid, pakollinen, poistettava, vastaustyyppi, kysymysryhmaid, kysymys_fi, kysymys_sv, jarjestys, jatkokysymysid, monivalinta_max, max_vastaus, luotu_kayttaja, muutettu_kayttaja, luotuaika, muutettuaika, eos_vastaus_sallittu) VALUES (7314658, true, false, 'monivalinta', 3342146, 'Näyttötutkintotoiminnassa', 'I verksamheten kring de fristående examina', 4, NULL, 1, NULL, 'JARJESTELMA', 'JARJESTELMA', '2015-09-10 11:59:08.354997+00', '2015-09-10 11:59:08.354997+00', NULL);
INSERT INTO kysymys (kysymysid, pakollinen, poistettava, vastaustyyppi, kysymysryhmaid, kysymys_fi, kysymys_sv, jarjestys, jatkokysymysid, monivalinta_max, max_vastaus, luotu_kayttaja, muutettu_kayttaja, luotuaika, muutettuaika, eos_vastaus_sallittu) VALUES (7314659, true, false, 'kylla_ei_valinta', 3342146, 'Toimin tutkintotoimikunnassa', 'Jag är verksam i en examenskommission', 5, NULL, NULL, NULL, 'JARJESTELMA', 'JARJESTELMA', '2015-09-10 11:59:08.354997+00', '2015-09-10 11:59:08.354997+00', NULL);
INSERT INTO kysymys (kysymysid, pakollinen, poistettava, vastaustyyppi, kysymysryhmaid, kysymys_fi, kysymys_sv, jarjestys, jatkokysymysid, monivalinta_max, max_vastaus, luotu_kayttaja, muutettu_kayttaja, luotuaika, muutettuaika, eos_vastaus_sallittu) VALUES (7314660, true, false, 'kylla_ei_valinta', 3342146, 'Toimin oppisopimustehtävissä', 'Jag har uppgifter relaterade till läroavtal', 6, NULL, NULL, NULL, 'JARJESTELMA', 'JARJESTELMA', '2015-09-10 11:59:08.354997+00', '2015-09-10 11:59:08.354997+00', NULL);
INSERT INTO kysymys (kysymysid, pakollinen, poistettava, vastaustyyppi, kysymysryhmaid, kysymys_fi, kysymys_sv, jarjestys, jatkokysymysid, monivalinta_max, max_vastaus, luotu_kayttaja, muutettu_kayttaja, luotuaika, muutettuaika, eos_vastaus_sallittu) VALUES (7314661, true, false, 'monivalinta', 3342146, 'Minulla on edustamani näyttötutkinnon ammattialaa vastaavaa työkokemusta', 'Jag har arbetserfarenhet inom det yrkesområde i de fristående examina som jag representerar', 7, NULL, 1, NULL, 'JARJESTELMA', 'JARJESTELMA', '2015-09-10 11:59:08.354997+00', '2015-09-10 11:59:08.354997+00', NULL);
INSERT INTO kysymys (kysymysid, pakollinen, poistettava, vastaustyyppi, kysymysryhmaid, kysymys_fi, kysymys_sv, jarjestys, jatkokysymysid, monivalinta_max, max_vastaus, luotu_kayttaja, muutettu_kayttaja, luotuaika, muutettuaika, eos_vastaus_sallittu) VALUES (7314662, true, false, 'monivalinta', 3342146, 'Minulla on kokemusta näyttötutkintotoiminnasta', 'Jag har erfarenhet av verksamheten kring de fristående examina', 8, NULL, 1, NULL, 'JARJESTELMA', 'JARJESTELMA', '2015-09-10 11:59:08.354997+00', '2015-09-10 11:59:08.354997+00', NULL);
INSERT INTO kysymys (kysymysid, pakollinen, poistettava, vastaustyyppi, kysymysryhmaid, kysymys_fi, kysymys_sv, jarjestys, jatkokysymysid, monivalinta_max, max_vastaus, luotu_kayttaja, muutettu_kayttaja, luotuaika, muutettuaika, eos_vastaus_sallittu) VALUES (7314663, true, false, 'monivalinta', 3342146, 'Minulla on kokemusta opetustyöstä', 'Jag har erfarenhet av undervisningsarbete', 9, NULL, 1, NULL, 'JARJESTELMA', 'JARJESTELMA', '2015-09-10 11:59:08.354997+00', '2015-09-10 11:59:08.354997+00', NULL);
INSERT INTO kysymys (kysymysid, pakollinen, poistettava, vastaustyyppi, kysymysryhmaid, kysymys_fi, kysymys_sv, jarjestys, jatkokysymysid, monivalinta_max, max_vastaus, luotu_kayttaja, muutettu_kayttaja, luotuaika, muutettuaika, eos_vastaus_sallittu) VALUES (7312027, true, false, 'monivalinta', 3341885, 'Sukupuoli', 'Kön', 0, NULL, 1, NULL, 'JARJESTELMA', 'JARJESTELMA', '2015-01-03 14:28:44.042138+00', '2015-01-03 14:28:44.042138+00', NULL);
INSERT INTO kysymys (kysymysid, pakollinen, poistettava, vastaustyyppi, kysymysryhmaid, kysymys_fi, kysymys_sv, jarjestys, jatkokysymysid, monivalinta_max, max_vastaus, luotu_kayttaja, muutettu_kayttaja, luotuaika, muutettuaika, eos_vastaus_sallittu) VALUES (7312028, true, false, 'monivalinta', 3341885, 'Äidinkieli', 'Modersmål', 1, NULL, 1, NULL, 'JARJESTELMA', 'JARJESTELMA', '2015-01-03 14:28:44.042138+00', '2015-01-03 14:28:44.042138+00', NULL);
INSERT INTO kysymys (kysymysid, pakollinen, poistettava, vastaustyyppi, kysymysryhmaid, kysymys_fi, kysymys_sv, jarjestys, jatkokysymysid, monivalinta_max, max_vastaus, luotu_kayttaja, muutettu_kayttaja, luotuaika, muutettuaika, eos_vastaus_sallittu) VALUES (7312029, true, false, 'monivalinta', 3341885, 'Ikä', 'Ålder', 2, NULL, 1, NULL, 'JARJESTELMA', 'JARJESTELMA', '2015-01-03 14:28:44.042138+00', '2015-01-03 14:28:44.042138+00', NULL);
INSERT INTO kysymys (kysymysid, pakollinen, poistettava, vastaustyyppi, kysymysryhmaid, kysymys_fi, kysymys_sv, jarjestys, jatkokysymysid, monivalinta_max, max_vastaus, luotu_kayttaja, muutettu_kayttaja, luotuaika, muutettuaika, eos_vastaus_sallittu) VALUES (7312030, true, false, 'monivalinta', 3341885, 'Korkein koulutus tai tutkinto, jonka olet suorittanut ennen nyt suoritettavaa tutkintoa', 'Högsta utbildning eller examen som du har avlagt före den examen som nu ska avläggas', 3, NULL, 1, NULL, 'JARJESTELMA', 'JARJESTELMA', '2015-01-03 14:28:44.042138+00', '2015-01-03 14:28:44.042138+00', NULL);
INSERT INTO kysymys (kysymysid, pakollinen, poistettava, vastaustyyppi, kysymysryhmaid, kysymys_fi, kysymys_sv, jarjestys, jatkokysymysid, monivalinta_max, max_vastaus, luotu_kayttaja, muutettu_kayttaja, luotuaika, muutettuaika, eos_vastaus_sallittu) VALUES (7312031, true, false, 'monivalinta', 3341885, 'Tärkein syy, miksi hakeuduit suorittamaan näyttötutkintoa', 'Viktigaste orsak till att jag sökte till utbildningen', 4, NULL, 1, NULL, 'JARJESTELMA', 'JARJESTELMA', '2015-01-03 14:28:44.042138+00', '2015-01-03 14:28:44.042138+00', NULL);
INSERT INTO kysymys (kysymysid, pakollinen, poistettava, vastaustyyppi, kysymysryhmaid, kysymys_fi, kysymys_sv, jarjestys, jatkokysymysid, monivalinta_max, max_vastaus, luotu_kayttaja, muutettu_kayttaja, luotuaika, muutettuaika, eos_vastaus_sallittu) VALUES (7312032, true, false, 'monivalinta', 3341885, 'Mikä on tämän hetkinen arviosi tulevasta tilanteestasi tutkinnon suorittamisen jälkeen', 'Hur uppskattar du din kommande situation efter avläggandet av examen?', 5, NULL, 1, NULL, 'JARJESTELMA', 'JARJESTELMA', '2015-01-03 14:28:44.042138+00', '2015-01-03 14:28:44.042138+00', NULL);
INSERT INTO kysymys (kysymysid, pakollinen, poistettava, vastaustyyppi, kysymysryhmaid, kysymys_fi, kysymys_sv, jarjestys, jatkokysymysid, monivalinta_max, max_vastaus, luotu_kayttaja, muutettu_kayttaja, luotuaika, muutettuaika, eos_vastaus_sallittu) VALUES (7312033, true, false, 'monivalinta', 3341885, 'Tavoitteeni on', 'Mitt mål är att', 6, NULL, 1, NULL, 'JARJESTELMA', 'JARJESTELMA', '2015-01-03 14:28:44.042138+00', '2015-01-03 14:28:44.042138+00', NULL);
INSERT INTO kysymys (kysymysid, pakollinen, poistettava, vastaustyyppi, kysymysryhmaid, kysymys_fi, kysymys_sv, jarjestys, jatkokysymysid, monivalinta_max, max_vastaus, luotu_kayttaja, muutettu_kayttaja, luotuaika, muutettuaika, eos_vastaus_sallittu) VALUES (7314671, true, false, 'likert_asteikko', 3342147, 'Perehdyin koulutusohjelman ammattitaitovaatimuksiin ennen koulutuksen alkua', 'Jag satte mig in i utbildningsprogrammets krav på yrkesskicklighet innan utbildningen började', 0, NULL, NULL, NULL, 'JARJESTELMA', 'JARJESTELMA', '2015-09-10 12:03:07.724991+00', '2015-09-10 12:03:07.724991+00', NULL);
INSERT INTO kysymys (kysymysid, pakollinen, poistettava, vastaustyyppi, kysymysryhmaid, kysymys_fi, kysymys_sv, jarjestys, jatkokysymysid, monivalinta_max, max_vastaus, luotu_kayttaja, muutettu_kayttaja, luotuaika, muutettuaika, eos_vastaus_sallittu) VALUES (7314672, true, false, 'likert_asteikko', 3342147, 'Laatimani itsearvioinnin ja esittämieni asiakirjojen perusteella näyttötutkintotoimintaan liittyvä osaamiseni tunnistettiin yhdessä vastuukouluttajan kanssa', 'Tillsammans med den ansvariga utbildaren identifierade vi mitt kunnande i fråga om verksamheten kring de fristående examina med hjälp av min självutvärdering och dokument som jag visade upp', 1, NULL, NULL, NULL, 'JARJESTELMA', 'JARJESTELMA', '2015-09-10 12:03:07.724991+00', '2015-09-10 12:03:07.724991+00', NULL);
INSERT INTO kysymys (kysymysid, pakollinen, poistettava, vastaustyyppi, kysymysryhmaid, kysymys_fi, kysymys_sv, jarjestys, jatkokysymysid, monivalinta_max, max_vastaus, luotu_kayttaja, muutettu_kayttaja, luotuaika, muutettuaika, eos_vastaus_sallittu) VALUES (7314673, true, false, 'likert_asteikko', 3342147, 'Näyttötutkintotoimintaan liittyvää osaamistani tunnustettiin vähintään yhden koulutusohjelman osan verran', 'Mitt kunnande i verksamheten kring de fristående examina identifierades åtminstone för en del av utbildningsprogrammet', 2, NULL, NULL, NULL, 'JARJESTELMA', 'JARJESTELMA', '2015-09-10 12:03:07.724991+00', '2015-09-10 12:03:07.724991+00', NULL);
INSERT INTO kysymys (kysymysid, pakollinen, poistettava, vastaustyyppi, kysymysryhmaid, kysymys_fi, kysymys_sv, jarjestys, jatkokysymysid, monivalinta_max, max_vastaus, luotu_kayttaja, muutettu_kayttaja, luotuaika, muutettuaika, eos_vastaus_sallittu) VALUES (7314674, true, false, 'likert_asteikko', 3342147, 'Henkilökohtaistamisen perusteella arvioitiin ne koulutusohjelman osat, joissa voin suoraan osoittaa ammattitaidon', 'På basis av den personliga tillämpningen bedömdes i vilka delar av utbildningsprogrammet jag kan påvisa min yrkesskicklighet  direkt', 3, NULL, NULL, NULL, 'JARJESTELMA', 'JARJESTELMA', '2015-09-10 12:03:07.724991+00', '2015-09-10 12:03:07.724991+00', NULL);
INSERT INTO kysymys (kysymysid, pakollinen, poistettava, vastaustyyppi, kysymysryhmaid, kysymys_fi, kysymys_sv, jarjestys, jatkokysymysid, monivalinta_max, max_vastaus, luotu_kayttaja, muutettu_kayttaja, luotuaika, muutettuaika, eos_vastaus_sallittu) VALUES (7314675, true, false, 'likert_asteikko', 3342147, 'Henkilökohtaistamisen perusteella arvioitiin koulutusohjelman ne osat, joihin tarvitsen lisää ammattitaitoa', 'På basis av den personliga tillämpningen bedömdes i vilka delar av utbildningsprogrammet jag behöver mer yrkesskicklighet', 4, NULL, NULL, NULL, 'JARJESTELMA', 'JARJESTELMA', '2015-09-10 12:03:07.724991+00', '2015-09-10 12:03:07.724991+00', NULL);
INSERT INTO kysymys (kysymysid, pakollinen, poistettava, vastaustyyppi, kysymysryhmaid, kysymys_fi, kysymys_sv, jarjestys, jatkokysymysid, monivalinta_max, max_vastaus, luotu_kayttaja, muutettu_kayttaja, luotuaika, muutettuaika, eos_vastaus_sallittu) VALUES (7314676, true, false, 'likert_asteikko', 3342147, 'Henkilökohtaistaminen dokumentoitiin henkilökohtaistamista koskevaan asiakirjaan', 'Den personliga tillämpningen antecknades i ett dokument som gällde den personliga tillämpningen', 5, NULL, NULL, NULL, 'JARJESTELMA', 'JARJESTELMA', '2015-09-10 12:03:07.724991+00', '2015-09-10 12:03:07.724991+00', NULL);
INSERT INTO kysymys (kysymysid, pakollinen, poistettava, vastaustyyppi, kysymysryhmaid, kysymys_fi, kysymys_sv, jarjestys, jatkokysymysid, monivalinta_max, max_vastaus, luotu_kayttaja, muutettu_kayttaja, luotuaika, muutettuaika, eos_vastaus_sallittu) VALUES (7314677, true, false, 'likert_asteikko', 3342147, 'Koulutuksen rakenne ja toteutus mahdollisti osaamiseni osoittamisen henkilökohtaistetusti', 'Utbildningens uppbyggnad och genomförande möjliggjorde att mitt kunnande kunde påvisas genom personlig tillämpning', 6, NULL, NULL, NULL, 'JARJESTELMA', 'JARJESTELMA', '2015-09-10 12:03:07.724991+00', '2015-09-10 12:03:07.724991+00', NULL);
INSERT INTO kysymys (kysymysid, pakollinen, poistettava, vastaustyyppi, kysymysryhmaid, kysymys_fi, kysymys_sv, jarjestys, jatkokysymysid, monivalinta_max, max_vastaus, luotu_kayttaja, muutettu_kayttaja, luotuaika, muutettuaika, eos_vastaus_sallittu) VALUES (7312008, true, false, 'kylla_ei_valinta', 3341887, 'Tutkinnon osa tai osia tunnustettiin suoraan aikaisempien todistusteni perusteella', 'En examensdel/examensdelar erkändes direkt på basis av mina tidigare betyg', 0, NULL, NULL, NULL, 'JARJESTELMA', 'JARJESTELMA', '2015-01-03 14:28:19.763717+00', '2015-01-03 14:28:19.763717+00', NULL);
INSERT INTO kysymys (kysymysid, pakollinen, poistettava, vastaustyyppi, kysymysryhmaid, kysymys_fi, kysymys_sv, jarjestys, jatkokysymysid, monivalinta_max, max_vastaus, luotu_kayttaja, muutettu_kayttaja, luotuaika, muutettuaika, eos_vastaus_sallittu) VALUES (7312009, true, false, 'likert_asteikko', 3341887, 'Sain riittävästi ohjausta tutkintotilaisuuksien suunnitteluun', 'Jag fick tillräckligt med handledning för planeringen av examenstillfällena', 1, NULL, NULL, NULL, 'JARJESTELMA', 'JARJESTELMA', '2015-01-03 14:28:19.763717+00', '2015-01-03 14:28:19.763717+00', NULL);
INSERT INTO kysymys (kysymysid, pakollinen, poistettava, vastaustyyppi, kysymysryhmaid, kysymys_fi, kysymys_sv, jarjestys, jatkokysymysid, monivalinta_max, max_vastaus, luotu_kayttaja, muutettu_kayttaja, luotuaika, muutettuaika, eos_vastaus_sallittu) VALUES (7312010, true, false, 'likert_asteikko', 3341887, 'Tutkintotilaisuuteni järjestettiin työpaikalla tai työssäoppimispaikalla', 'Mina examenstillfällen ordnades på en arbetsplats eller en plats för inlärning i arbetet', 2, NULL, NULL, NULL, 'JARJESTELMA', 'JARJESTELMA', '2015-01-03 14:28:19.763717+00', '2015-01-03 14:28:19.763717+00', NULL);
INSERT INTO kysymys (kysymysid, pakollinen, poistettava, vastaustyyppi, kysymysryhmaid, kysymys_fi, kysymys_sv, jarjestys, jatkokysymysid, monivalinta_max, max_vastaus, luotu_kayttaja, muutettu_kayttaja, luotuaika, muutettuaika, eos_vastaus_sallittu) VALUES (7312011, true, false, 'likert_asteikko', 3341887, 'Osoitin ammattitaitoni pääsääntöisesti käytännön työtehtävissä', 'Jag visade mitt kunnande till största delen i praktiska arbetsuppgifter', 3, NULL, NULL, NULL, 'JARJESTELMA', 'JARJESTELMA', '2015-01-03 14:28:19.763717+00', '2015-01-03 14:28:19.763717+00', NULL);
INSERT INTO kysymys (kysymysid, pakollinen, poistettava, vastaustyyppi, kysymysryhmaid, kysymys_fi, kysymys_sv, jarjestys, jatkokysymysid, monivalinta_max, max_vastaus, luotu_kayttaja, muutettu_kayttaja, luotuaika, muutettuaika, eos_vastaus_sallittu) VALUES (7312012, true, false, 'kylla_ei_valinta', 3341887, 'Sain kertoa oman arvioni tutkintosuoritukseni onnistumisesta (itsearviointi)', 'Jag fick berätta min egen uppfattning om hur min examensprestation hade lyckats (självvärdering)', 4, NULL, NULL, NULL, 'JARJESTELMA', 'JARJESTELMA', '2015-01-03 14:28:19.763717+00', '2015-01-03 14:28:19.763717+00', NULL);
INSERT INTO kysymys (kysymysid, pakollinen, poistettava, vastaustyyppi, kysymysryhmaid, kysymys_fi, kysymys_sv, jarjestys, jatkokysymysid, monivalinta_max, max_vastaus, luotu_kayttaja, muutettu_kayttaja, luotuaika, muutettuaika, eos_vastaus_sallittu) VALUES (7312013, true, false, 'kylla_ei_valinta', 3341887, 'Arvioinnin perustelut kerrottiin minulle tutkinnon suorittamisen jälkeen', 'Grunderna för bedömningen berättades för mig efter avläggandet av examen', 5, NULL, NULL, NULL, 'JARJESTELMA', 'JARJESTELMA', '2015-01-03 14:28:19.763717+00', '2015-01-03 14:28:19.763717+00', NULL);
INSERT INTO kysymys (kysymysid, pakollinen, poistettava, vastaustyyppi, kysymysryhmaid, kysymys_fi, kysymys_sv, jarjestys, jatkokysymysid, monivalinta_max, max_vastaus, luotu_kayttaja, muutettu_kayttaja, luotuaika, muutettuaika, eos_vastaus_sallittu) VALUES (7312014, true, false, 'likert_asteikko', 3341887, 'Tutkinnon suorittaminen eteni henkilökohtaisen kirjallisen suunnitelman mukaisesti', 'Avläggandet av examen framskred i enlighet med den personliga skriftliga planen', 6, NULL, NULL, NULL, 'JARJESTELMA', 'JARJESTELMA', '2015-01-03 14:28:19.763717+00', '2015-01-03 14:28:19.763717+00', NULL);
INSERT INTO kysymys (kysymysid, pakollinen, poistettava, vastaustyyppi, kysymysryhmaid, kysymys_fi, kysymys_sv, jarjestys, jatkokysymysid, monivalinta_max, max_vastaus, luotu_kayttaja, muutettu_kayttaja, luotuaika, muutettuaika, eos_vastaus_sallittu) VALUES (7312015, true, false, 'likert_asteikko', 3341887, 'Tutkinnon tai tutkinnon osan suorittamisesta oli hyötyä ammattitaidon kehittämisessä', 'Avläggandet av examen eller examensdelen var till nytta vid utvecklandet av yrkesskickligheten', 7, NULL, NULL, NULL, 'JARJESTELMA', 'JARJESTELMA', '2015-01-03 14:28:19.763717+00', '2015-01-03 14:28:19.763717+00', NULL);
INSERT INTO kysymys (kysymysid, pakollinen, poistettava, vastaustyyppi, kysymysryhmaid, kysymys_fi, kysymys_sv, jarjestys, jatkokysymysid, monivalinta_max, max_vastaus, luotu_kayttaja, muutettu_kayttaja, luotuaika, muutettuaika, eos_vastaus_sallittu) VALUES (7312016, true, false, 'arvosana', 3341887, 'Miten arvioit tutkinnon suorittamisen onnistuneen kokonaisuutena?', 'Hur bedömer du att avläggandet av examen lyckades som helhet?', 8, NULL, NULL, NULL, 'JARJESTELMA', 'JARJESTELMA', '2015-01-03 14:28:19.763717+00', '2015-01-03 14:28:19.763717+00', NULL);

 

INSERT INTO monivalintavaihtoehto (monivalintavaihtoehtoid, kysymysid, jarjestys, teksti_fi, teksti_sv, luotu_kayttaja, muutettu_kayttaja, luotuaika, muutettuaika) VALUES (3327459, 7312028, 0, 'suomi', 'finska', 'JARJESTELMA', 'JARJESTELMA', '2015-01-03 14:28:44.042138+00', '2015-01-03 14:28:44.042138+00');
INSERT INTO monivalintavaihtoehto (monivalintavaihtoehtoid, kysymysid, jarjestys, teksti_fi, teksti_sv, luotu_kayttaja, muutettu_kayttaja, luotuaika, muutettuaika) VALUES (3327460, 7312028, 1, 'ruotsi', 'svenska', 'JARJESTELMA', 'JARJESTELMA', '2015-01-03 14:28:44.042138+00', '2015-01-03 14:28:44.042138+00');
INSERT INTO monivalintavaihtoehto (monivalintavaihtoehtoid, kysymysid, jarjestys, teksti_fi, teksti_sv, luotu_kayttaja, muutettu_kayttaja, luotuaika, muutettuaika) VALUES (3327461, 7312028, 2, 'muu', 'annat', 'JARJESTELMA', 'JARJESTELMA', '2015-01-03 14:28:44.042138+00', '2015-01-03 14:28:44.042138+00');
INSERT INTO monivalintavaihtoehto (monivalintavaihtoehtoid, kysymysid, jarjestys, teksti_fi, teksti_sv, luotu_kayttaja, muutettu_kayttaja, luotuaika, muutettuaika) VALUES (283, 280, 1, 'nainen', 'kvinna', 'KONVERSIO', 'KONVERSIO', '2008-06-24 05:58:10.988715+00', '2008-10-02 07:35:10.614829+00');
INSERT INTO monivalintavaihtoehto (monivalintavaihtoehtoid, kysymysid, jarjestys, teksti_fi, teksti_sv, luotu_kayttaja, muutettu_kayttaja, luotuaika, muutettuaika) VALUES (286, 280, 2, 'mies', 'man', 'KONVERSIO', 'KONVERSIO', '2008-06-24 05:58:10.988715+00', '2008-10-02 07:35:10.614829+00');
INSERT INTO monivalintavaihtoehto (monivalintavaihtoehtoid, kysymysid, jarjestys, teksti_fi, teksti_sv, luotu_kayttaja, muutettu_kayttaja, luotuaika, muutettuaika) VALUES (3331248, 7314662, 0, '1 - 5 vuotta', '1 - 5 år', 'JARJESTELMA', 'JARJESTELMA', '2015-09-10 11:59:08.354997+00', '2015-09-10 11:59:08.354997+00');
INSERT INTO monivalintavaihtoehto (monivalintavaihtoehtoid, kysymysid, jarjestys, teksti_fi, teksti_sv, luotu_kayttaja, muutettu_kayttaja, luotuaika, muutettuaika) VALUES (3331249, 7314662, 1, '6 - 10 vuotta', '6 - 10 år', 'JARJESTELMA', 'JARJESTELMA', '2015-09-10 11:59:08.354997+00', '2015-09-10 11:59:08.354997+00');
INSERT INTO monivalintavaihtoehto (monivalintavaihtoehtoid, kysymysid, jarjestys, teksti_fi, teksti_sv, luotu_kayttaja, muutettu_kayttaja, luotuaika, muutettuaika) VALUES (3331250, 7314662, 2, 'yli 10 vuotta', 'över 10 år', 'JARJESTELMA', 'JARJESTELMA', '2015-09-10 11:59:08.354997+00', '2015-09-10 11:59:08.354997+00');
INSERT INTO monivalintavaihtoehto (monivalintavaihtoehtoid, kysymysid, jarjestys, teksti_fi, teksti_sv, luotu_kayttaja, muutettu_kayttaja, luotuaika, muutettuaika) VALUES (3331251, 7314662, 3, 'ei ollenkaan', 'inte alls', 'JARJESTELMA', 'JARJESTELMA', '2015-09-10 11:59:08.354997+00', '2015-09-10 11:59:08.354997+00');
INSERT INTO monivalintavaihtoehto (monivalintavaihtoehtoid, kysymysid, jarjestys, teksti_fi, teksti_sv, luotu_kayttaja, muutettu_kayttaja, luotuaika, muutettuaika) VALUES (3327504, 7312038, 0, 'Ammatin hankkiminen', 'Att skaffa mig ett yrke', 'JARJESTELMA', 'JARJESTELMA', '2015-01-03 14:28:48.620782+00', '2015-01-03 14:28:48.620782+00');
INSERT INTO monivalintavaihtoehto (monivalintavaihtoehtoid, kysymysid, jarjestys, teksti_fi, teksti_sv, luotu_kayttaja, muutettu_kayttaja, luotuaika, muutettuaika) VALUES (3327505, 7312038, 1, 'Ammatin vaihtaminen', 'Att byta yrke', 'JARJESTELMA', 'JARJESTELMA', '2015-01-03 14:28:48.620782+00', '2015-01-03 14:28:48.620782+00');
INSERT INTO monivalintavaihtoehto (monivalintavaihtoehtoid, kysymysid, jarjestys, teksti_fi, teksti_sv, luotu_kayttaja, muutettu_kayttaja, luotuaika, muutettuaika) VALUES (3327506, 7312038, 2, 'Ammattitaidon kehittäminen', 'Att utveckla min yrkesskicklighet', 'JARJESTELMA', 'JARJESTELMA', '2015-01-03 14:28:48.620782+00', '2015-01-03 14:28:48.620782+00');
INSERT INTO monivalintavaihtoehto (monivalintavaihtoehtoid, kysymysid, jarjestys, teksti_fi, teksti_sv, luotu_kayttaja, muutettu_kayttaja, luotuaika, muutettuaika) VALUES (3327507, 7312038, 3, 'Muu peruste', 'Annan grund', 'JARJESTELMA', 'JARJESTELMA', '2015-01-03 14:28:48.620782+00', '2015-01-03 14:28:48.620782+00');
INSERT INTO monivalintavaihtoehto (monivalintavaihtoehtoid, kysymysid, jarjestys, teksti_fi, teksti_sv, luotu_kayttaja, muutettu_kayttaja, luotuaika, muutettuaika) VALUES (3331225, 7314656, 0, 'humanistinen ja kasvatusala', 'det humanistiska och pedagogiska området', 'JARJESTELMA', 'JARJESTELMA', '2015-09-10 11:59:08.354997+00', '2015-09-10 11:59:08.354997+00');
INSERT INTO monivalintavaihtoehto (monivalintavaihtoehtoid, kysymysid, jarjestys, teksti_fi, teksti_sv, luotu_kayttaja, muutettu_kayttaja, luotuaika, muutettuaika) VALUES (3331226, 7314656, 1, 'kulttuuriala', 'kultur', 'JARJESTELMA', 'JARJESTELMA', '2015-09-10 11:59:08.354997+00', '2015-09-10 11:59:08.354997+00');
INSERT INTO monivalintavaihtoehto (monivalintavaihtoehtoid, kysymysid, jarjestys, teksti_fi, teksti_sv, luotu_kayttaja, muutettu_kayttaja, luotuaika, muutettuaika) VALUES (3331227, 7314656, 2, 'yhteiskuntatieteiden, liiketalouden ja hallinnon ala', 'det samhällsvetenskapliga, företagsekonomiska och administrativa området', 'JARJESTELMA', 'JARJESTELMA', '2015-09-10 11:59:08.354997+00', '2015-09-10 11:59:08.354997+00');
INSERT INTO monivalintavaihtoehto (monivalintavaihtoehtoid, kysymysid, jarjestys, teksti_fi, teksti_sv, luotu_kayttaja, muutettu_kayttaja, luotuaika, muutettuaika) VALUES (3331228, 7314656, 3, 'luonnontieteiden ala', 'det naturvetenskapliga området', 'JARJESTELMA', 'JARJESTELMA', '2015-09-10 11:59:08.354997+00', '2015-09-10 11:59:08.354997+00');
INSERT INTO monivalintavaihtoehto (monivalintavaihtoehtoid, kysymysid, jarjestys, teksti_fi, teksti_sv, luotu_kayttaja, muutettu_kayttaja, luotuaika, muutettuaika) VALUES (3331229, 7314656, 4, 'tekniikan ja liikenteen ala', 'området teknik och kommunikation', 'JARJESTELMA', 'JARJESTELMA', '2015-09-10 11:59:08.354997+00', '2015-09-10 11:59:08.354997+00');
INSERT INTO monivalintavaihtoehto (monivalintavaihtoehtoid, kysymysid, jarjestys, teksti_fi, teksti_sv, luotu_kayttaja, muutettu_kayttaja, luotuaika, muutettuaika) VALUES (3331230, 7314656, 5, 'luonnonvara- ja ympäristöala', 'naturbruk och miljöområdet', 'JARJESTELMA', 'JARJESTELMA', '2015-09-10 11:59:08.354997+00', '2015-09-10 11:59:08.354997+00');
INSERT INTO monivalintavaihtoehto (monivalintavaihtoehtoid, kysymysid, jarjestys, teksti_fi, teksti_sv, luotu_kayttaja, muutettu_kayttaja, luotuaika, muutettuaika) VALUES (3331231, 7314656, 6, 'sosiaali-, terveys- ja liikunta-ala', 'social-, hälso- och idrottsområdet', 'JARJESTELMA', 'JARJESTELMA', '2015-09-10 11:59:08.354997+00', '2015-09-10 11:59:08.354997+00');
INSERT INTO monivalintavaihtoehto (monivalintavaihtoehtoid, kysymysid, jarjestys, teksti_fi, teksti_sv, luotu_kayttaja, muutettu_kayttaja, luotuaika, muutettuaika) VALUES (3331232, 7314656, 7, 'matkailu-, ravitsemis- ja talousala', 'turism-, kosthålls- och ekonomibranschen', 'JARJESTELMA', 'JARJESTELMA', '2015-09-10 11:59:08.354997+00', '2015-09-10 11:59:08.354997+00');
INSERT INTO monivalintavaihtoehto (monivalintavaihtoehtoid, kysymysid, jarjestys, teksti_fi, teksti_sv, luotu_kayttaja, muutettu_kayttaja, luotuaika, muutettuaika) VALUES (3331233, 7314656, 8, 'muu', 'annan', 'JARJESTELMA', 'JARJESTELMA', '2015-09-10 11:59:08.354997+00', '2015-09-10 11:59:08.354997+00');
INSERT INTO monivalintavaihtoehto (monivalintavaihtoehtoid, kysymysid, jarjestys, teksti_fi, teksti_sv, luotu_kayttaja, muutettu_kayttaja, luotuaika, muutettuaika) VALUES (3327454, 7312023, 0, 'Kyllä, koska minulla oli jo tutkinnon osassa vaadittava osaaminen', 'Ja, för jag hade redan den yrkesskicklighet som krävs i examensdelen', 'JARJESTELMA', 'JARJESTELMA', '2015-01-03 14:28:30.887531+00', '2015-01-03 14:28:30.887531+00');
INSERT INTO monivalintavaihtoehto (monivalintavaihtoehtoid, kysymysid, jarjestys, teksti_fi, teksti_sv, luotu_kayttaja, muutettu_kayttaja, luotuaika, muutettuaika) VALUES (3327455, 7312023, 1, 'Ei, vaikka minulla oli mielestäni riittävästi aikaisempaa osaamista', 'Nej, trots att jag tyckte att jag hade tillräckligt med kunnande från tidigare', 'JARJESTELMA', 'JARJESTELMA', '2015-01-03 14:28:30.887531+00', '2015-01-03 14:28:30.887531+00');
INSERT INTO monivalintavaihtoehto (monivalintavaihtoehtoid, kysymysid, jarjestys, teksti_fi, teksti_sv, luotu_kayttaja, muutettu_kayttaja, luotuaika, muutettuaika) VALUES (3327456, 7312023, 2, 'Ei, koska minulla ei ollut riittävästi aikaisempaa osaamista', 'Nej, eftersom jag inte hade tillräckligt tidigare kunnande', 'JARJESTELMA', 'JARJESTELMA', '2015-01-03 14:28:30.887531+00', '2015-01-16 13:59:43.563917+00');
INSERT INTO monivalintavaihtoehto (monivalintavaihtoehtoid, kysymysid, jarjestys, teksti_fi, teksti_sv, luotu_kayttaja, muutettu_kayttaja, luotuaika, muutettuaika) VALUES (3331239, 7314658, 0, 'edustan työnantajaa', 'representerar jag arbetsgivarna', 'JARJESTELMA', 'JARJESTELMA', '2015-09-10 11:59:08.354997+00', '2015-09-10 11:59:08.354997+00');
INSERT INTO monivalintavaihtoehto (monivalintavaihtoehtoid, kysymysid, jarjestys, teksti_fi, teksti_sv, luotu_kayttaja, muutettu_kayttaja, luotuaika, muutettuaika) VALUES (3331240, 7314658, 1, 'edustan työntekijää', 'representerar jag arbetstagarna', 'JARJESTELMA', 'JARJESTELMA', '2015-09-10 11:59:08.354997+00', '2015-09-10 11:59:08.354997+00');
INSERT INTO monivalintavaihtoehto (monivalintavaihtoehtoid, kysymysid, jarjestys, teksti_fi, teksti_sv, luotu_kayttaja, muutettu_kayttaja, luotuaika, muutettuaika) VALUES (3331241, 7314658, 2, 'edustan opetusalaa', 'representerar jag undervisningssektorn', 'JARJESTELMA', 'JARJESTELMA', '2015-09-10 11:59:08.354997+00', '2015-09-10 11:59:08.354997+00');
INSERT INTO monivalintavaihtoehto (monivalintavaihtoehtoid, kysymysid, jarjestys, teksti_fi, teksti_sv, luotu_kayttaja, muutettu_kayttaja, luotuaika, muutettuaika) VALUES (3331242, 7314658, 3, 'edustan itsenäistä ammatinharjoittajaa', 'representerar jag egenföretagarna', 'JARJESTELMA', 'JARJESTELMA', '2015-09-10 11:59:08.354997+00', '2015-09-10 11:59:08.354997+00');
INSERT INTO monivalintavaihtoehto (monivalintavaihtoehtoid, kysymysid, jarjestys, teksti_fi, teksti_sv, luotu_kayttaja, muutettu_kayttaja, luotuaika, muutettuaika) VALUES (3331243, 7314658, 4, 'en toimi tällä hetkellä näyttötutkintotoiminnassa', 'för tillfället deltar jag inte i verksamheten kring de fristående examina', 'JARJESTELMA', 'JARJESTELMA', '2015-09-10 11:59:08.354997+00', '2015-09-10 11:59:08.354997+00');
INSERT INTO monivalintavaihtoehto (monivalintavaihtoehtoid, kysymysid, jarjestys, teksti_fi, teksti_sv, luotu_kayttaja, muutettu_kayttaja, luotuaika, muutettuaika) VALUES (322, 319, 1, 'Ei tutkintoa', 'Ingen examen', 'KONVERSIO', 'KONVERSIO', '2008-06-24 05:58:11.094348+00', '2008-10-02 07:35:45.739003+00');
INSERT INTO monivalintavaihtoehto (monivalintavaihtoehtoid, kysymysid, jarjestys, teksti_fi, teksti_sv, luotu_kayttaja, muutettu_kayttaja, luotuaika, muutettuaika) VALUES (325, 319, 2, 'Kansa-, kansalais-, perus- tai keskikoulu', 'Folk-, medborgar-, grund- eller mellanskola', 'KONVERSIO', 'KONVERSIO', '2008-06-24 05:58:11.094348+00', '2008-10-02 07:35:45.739003+00');
INSERT INTO monivalintavaihtoehto (monivalintavaihtoehtoid, kysymysid, jarjestys, teksti_fi, teksti_sv, luotu_kayttaja, muutettu_kayttaja, luotuaika, muutettuaika) VALUES (328, 319, 3, 'Lukio/ylioppilastutkinto', 'Gymnasium/studentexamen', 'KONVERSIO', 'KONVERSIO', '2008-06-24 05:58:11.094348+00', '2008-10-02 07:35:45.739003+00');
INSERT INTO monivalintavaihtoehto (monivalintavaihtoehtoid, kysymysid, jarjestys, teksti_fi, teksti_sv, luotu_kayttaja, muutettu_kayttaja, luotuaika, muutettuaika) VALUES (331, 319, 4, 'Ammatillinen tutkinto tai opistoaste', 'Yrkesinriktad examen eller institutnivå', 'KONVERSIO', 'KONVERSIO', '2008-06-24 05:58:11.094348+00', '2008-10-02 07:35:45.739003+00');
INSERT INTO monivalintavaihtoehto (monivalintavaihtoehtoid, kysymysid, jarjestys, teksti_fi, teksti_sv, luotu_kayttaja, muutettu_kayttaja, luotuaika, muutettuaika) VALUES (334, 319, 5, 'Ammattikorkeakoulu', 'Yrkeshögskola', 'KONVERSIO', 'KONVERSIO', '2008-06-24 05:58:11.094348+00', '2008-10-02 07:35:45.739003+00');
INSERT INTO monivalintavaihtoehto (monivalintavaihtoehtoid, kysymysid, jarjestys, teksti_fi, teksti_sv, luotu_kayttaja, muutettu_kayttaja, luotuaika, muutettuaika) VALUES (337, 319, 6, 'Yliopisto/korkeakoulu', 'Universitet / högskola', 'KONVERSIO', 'KONVERSIO', '2008-06-24 05:58:11.094348+00', '2008-10-02 07:35:45.739003+00');
INSERT INTO monivalintavaihtoehto (monivalintavaihtoehtoid, kysymysid, jarjestys, teksti_fi, teksti_sv, luotu_kayttaja, muutettu_kayttaja, luotuaika, muutettuaika) VALUES (340, 319, 7, 'Ulkomailla suoritettu tutkinto', 'Examen avlagd i annat land', 'KONVERSIO', 'KONVERSIO', '2008-06-24 05:58:11.094348+00', '2008-10-02 07:35:45.739003+00');
INSERT INTO monivalintavaihtoehto (monivalintavaihtoehtoid, kysymysid, jarjestys, teksti_fi, teksti_sv, luotu_kayttaja, muutettu_kayttaja, luotuaika, muutettuaika) VALUES (3327486, 7312034, 0, 'nainen', 'kvinna', 'JARJESTELMA', 'JARJESTELMA', '2015-01-03 14:28:48.620782+00', '2015-01-03 14:28:48.620782+00');
INSERT INTO monivalintavaihtoehto (monivalintavaihtoehtoid, kysymysid, jarjestys, teksti_fi, teksti_sv, luotu_kayttaja, muutettu_kayttaja, luotuaika, muutettuaika) VALUES (3327487, 7312034, 1, 'mies', 'man', 'JARJESTELMA', 'JARJESTELMA', '2015-01-03 14:28:48.620782+00', '2015-01-03 14:28:48.620782+00');
INSERT INTO monivalintavaihtoehto (monivalintavaihtoehtoid, kysymysid, jarjestys, teksti_fi, teksti_sv, luotu_kayttaja, muutettu_kayttaja, luotuaika, muutettuaika) VALUES (3327488, 7312035, 0, 'suomi', 'finska', 'JARJESTELMA', 'JARJESTELMA', '2015-01-03 14:28:48.620782+00', '2015-01-03 14:28:48.620782+00');
INSERT INTO monivalintavaihtoehto (monivalintavaihtoehtoid, kysymysid, jarjestys, teksti_fi, teksti_sv, luotu_kayttaja, muutettu_kayttaja, luotuaika, muutettuaika) VALUES (3327489, 7312035, 1, 'ruotsi', 'svenska', 'JARJESTELMA', 'JARJESTELMA', '2015-01-03 14:28:48.620782+00', '2015-01-03 14:28:48.620782+00');
INSERT INTO monivalintavaihtoehto (monivalintavaihtoehtoid, kysymysid, jarjestys, teksti_fi, teksti_sv, luotu_kayttaja, muutettu_kayttaja, luotuaika, muutettuaika) VALUES (3327490, 7312035, 2, 'muu', 'annat', 'JARJESTELMA', 'JARJESTELMA', '2015-01-03 14:28:48.620782+00', '2015-01-03 14:28:48.620782+00');
INSERT INTO monivalintavaihtoehto (monivalintavaihtoehtoid, kysymysid, jarjestys, teksti_fi, teksti_sv, luotu_kayttaja, muutettu_kayttaja, luotuaika, muutettuaika) VALUES (3327491, 7312036, 0, '19 tai alle', '19 eller under', 'JARJESTELMA', 'JARJESTELMA', '2015-01-03 14:28:48.620782+00', '2015-01-03 14:28:48.620782+00');
INSERT INTO monivalintavaihtoehto (monivalintavaihtoehtoid, kysymysid, jarjestys, teksti_fi, teksti_sv, luotu_kayttaja, muutettu_kayttaja, luotuaika, muutettuaika) VALUES (3327492, 7312036, 1, '20 - 24', '20 - 24', 'JARJESTELMA', 'JARJESTELMA', '2015-01-03 14:28:48.620782+00', '2015-01-03 14:28:48.620782+00');
INSERT INTO monivalintavaihtoehto (monivalintavaihtoehtoid, kysymysid, jarjestys, teksti_fi, teksti_sv, luotu_kayttaja, muutettu_kayttaja, luotuaika, muutettuaika) VALUES (3327493, 7312036, 2, '25 - 34', '25 - 34', 'JARJESTELMA', 'JARJESTELMA', '2015-01-03 14:28:48.620782+00', '2015-01-03 14:28:48.620782+00');
INSERT INTO monivalintavaihtoehto (monivalintavaihtoehtoid, kysymysid, jarjestys, teksti_fi, teksti_sv, luotu_kayttaja, muutettu_kayttaja, luotuaika, muutettuaika) VALUES (3327494, 7312036, 3, '35 - 44', '35 - 44', 'JARJESTELMA', 'JARJESTELMA', '2015-01-03 14:28:48.620782+00', '2015-01-03 14:28:48.620782+00');
INSERT INTO monivalintavaihtoehto (monivalintavaihtoehtoid, kysymysid, jarjestys, teksti_fi, teksti_sv, luotu_kayttaja, muutettu_kayttaja, luotuaika, muutettuaika) VALUES (3327495, 7312036, 4, '45 - 54', '45 - 54', 'JARJESTELMA', 'JARJESTELMA', '2015-01-03 14:28:48.620782+00', '2015-01-03 14:28:48.620782+00');
INSERT INTO monivalintavaihtoehto (monivalintavaihtoehtoid, kysymysid, jarjestys, teksti_fi, teksti_sv, luotu_kayttaja, muutettu_kayttaja, luotuaika, muutettuaika) VALUES (3327496, 7312036, 5, '55 tai yli', '55 eller över', 'JARJESTELMA', 'JARJESTELMA', '2015-01-03 14:28:48.620782+00', '2015-01-03 14:28:48.620782+00');
INSERT INTO monivalintavaihtoehto (monivalintavaihtoehtoid, kysymysid, jarjestys, teksti_fi, teksti_sv, luotu_kayttaja, muutettu_kayttaja, luotuaika, muutettuaika) VALUES (3327468, 7312030, 0, 'Peruskoulu, keskikoulu tai vastaava', 'Grundskola, mellanskola eller motsvarande', 'JARJESTELMA', 'JARJESTELMA', '2015-01-03 14:28:44.042138+00', '2015-01-03 14:28:44.042138+00');
INSERT INTO monivalintavaihtoehto (monivalintavaihtoehtoid, kysymysid, jarjestys, teksti_fi, teksti_sv, luotu_kayttaja, muutettu_kayttaja, luotuaika, muutettuaika) VALUES (3327469, 7312030, 1, 'Lukio/ylioppilastutkinto', 'Gymnasiet/studentexamen', 'JARJESTELMA', 'JARJESTELMA', '2015-01-03 14:28:44.042138+00', '2015-01-03 14:28:44.042138+00');
INSERT INTO monivalintavaihtoehto (monivalintavaihtoehtoid, kysymysid, jarjestys, teksti_fi, teksti_sv, luotu_kayttaja, muutettu_kayttaja, luotuaika, muutettuaika) VALUES (3327470, 7312030, 2, 'Ammatillinen tutkinto tai opistoasteen tutkinto', 'Yrkesinriktad examen eller examen på institutsnivå', 'JARJESTELMA', 'JARJESTELMA', '2015-01-03 14:28:44.042138+00', '2015-01-03 14:28:44.042138+00');
INSERT INTO monivalintavaihtoehto (monivalintavaihtoehtoid, kysymysid, jarjestys, teksti_fi, teksti_sv, luotu_kayttaja, muutettu_kayttaja, luotuaika, muutettuaika) VALUES (3327471, 7312030, 3, 'Ammattikorkeakoulututkinto', 'Yrkeshögskoleexamen', 'JARJESTELMA', 'JARJESTELMA', '2015-01-03 14:28:44.042138+00', '2015-01-03 14:28:44.042138+00');
INSERT INTO monivalintavaihtoehto (monivalintavaihtoehtoid, kysymysid, jarjestys, teksti_fi, teksti_sv, luotu_kayttaja, muutettu_kayttaja, luotuaika, muutettuaika) VALUES (3327472, 7312030, 4, 'Yliopistotutkinto', 'Universitetsexamen', 'JARJESTELMA', 'JARJESTELMA', '2015-01-03 14:28:44.042138+00', '2015-01-03 14:28:44.042138+00');
INSERT INTO monivalintavaihtoehto (monivalintavaihtoehtoid, kysymysid, jarjestys, teksti_fi, teksti_sv, luotu_kayttaja, muutettu_kayttaja, luotuaika, muutettuaika) VALUES (3327473, 7312030, 5, 'Ulkomailla suoritettu tutkinto', 'Examen som avlagts utomlands', 'JARJESTELMA', 'JARJESTELMA', '2015-01-03 14:28:44.042138+00', '2015-01-03 14:28:44.042138+00');
INSERT INTO monivalintavaihtoehto (monivalintavaihtoehtoid, kysymysid, jarjestys, teksti_fi, teksti_sv, luotu_kayttaja, muutettu_kayttaja, luotuaika, muutettuaika) VALUES (3327474, 7312030, 6, 'Ei tutkintoa', 'Ingen examen', 'JARJESTELMA', 'JARJESTELMA', '2015-01-03 14:28:44.042138+00', '2015-01-03 14:28:44.042138+00');
INSERT INTO monivalintavaihtoehto (monivalintavaihtoehtoid, kysymysid, jarjestys, teksti_fi, teksti_sv, luotu_kayttaja, muutettu_kayttaja, luotuaika, muutettuaika) VALUES (3327457, 7312027, 0, 'nainen', 'kvinna', 'JARJESTELMA', 'JARJESTELMA', '2015-01-03 14:28:44.042138+00', '2015-01-03 14:28:44.042138+00');
INSERT INTO monivalintavaihtoehto (monivalintavaihtoehtoid, kysymysid, jarjestys, teksti_fi, teksti_sv, luotu_kayttaja, muutettu_kayttaja, luotuaika, muutettuaika) VALUES (3327458, 7312027, 1, 'mies', 'man', 'JARJESTELMA', 'JARJESTELMA', '2015-01-03 14:28:44.042138+00', '2015-01-03 14:28:44.042138+00');
INSERT INTO monivalintavaihtoehto (monivalintavaihtoehtoid, kysymysid, jarjestys, teksti_fi, teksti_sv, luotu_kayttaja, muutettu_kayttaja, luotuaika, muutettuaika) VALUES (3327479, 7312032, 0, 'Työssä toisen palveluksessa', 'Arbete i annans tjänst', 'JARJESTELMA', 'JARJESTELMA', '2015-01-03 14:28:44.042138+00', '2015-01-03 14:28:44.042138+00');
INSERT INTO monivalintavaihtoehto (monivalintavaihtoehtoid, kysymysid, jarjestys, teksti_fi, teksti_sv, luotu_kayttaja, muutettu_kayttaja, luotuaika, muutettuaika) VALUES (3327480, 7312032, 1, 'Yrittäjä tai itsenäinen ammatinharjoittaja', 'Företagare eller självständig yrkesutövare', 'JARJESTELMA', 'JARJESTELMA', '2015-01-03 14:28:44.042138+00', '2015-01-03 14:28:44.042138+00');
INSERT INTO monivalintavaihtoehto (monivalintavaihtoehtoid, kysymysid, jarjestys, teksti_fi, teksti_sv, luotu_kayttaja, muutettu_kayttaja, luotuaika, muutettuaika) VALUES (3327481, 7312032, 2, 'Työtön', 'Arbetslös', 'JARJESTELMA', 'JARJESTELMA', '2015-01-03 14:28:44.042138+00', '2015-01-03 14:28:44.042138+00');
INSERT INTO monivalintavaihtoehto (monivalintavaihtoehtoid, kysymysid, jarjestys, teksti_fi, teksti_sv, luotu_kayttaja, muutettu_kayttaja, luotuaika, muutettuaika) VALUES (3327482, 7312032, 3, 'Opiskelija', 'Studerande', 'JARJESTELMA', 'JARJESTELMA', '2015-01-03 14:28:44.042138+00', '2015-01-03 14:28:44.042138+00');
INSERT INTO monivalintavaihtoehto (monivalintavaihtoehtoid, kysymysid, jarjestys, teksti_fi, teksti_sv, luotu_kayttaja, muutettu_kayttaja, luotuaika, muutettuaika) VALUES (3327483, 7312032, 4, 'Muu tilanne (esimerkiksi varusmies-/siviilipalveluksessa,vanhempainvapaalla, kuntoutuksessa tai muu syy)', 'Annan situation (t.ex. bevärings- eller civiltjänst, föräldraledighet, habilitering eller annan orsak)', 'JARJESTELMA', 'JARJESTELMA', '2015-01-03 14:28:44.042138+00', '2015-01-03 14:28:44.042138+00');
INSERT INTO monivalintavaihtoehto (monivalintavaihtoehtoid, kysymysid, jarjestys, teksti_fi, teksti_sv, luotu_kayttaja, muutettu_kayttaja, luotuaika, muutettuaika) VALUES (346, 343, 1, 'oppilaitos tai sen www-sivut', 'läroanstalten eller dess webbsidor', 'KONVERSIO', 'KONVERSIO', '2008-06-24 05:58:11.103289+00', '2008-10-02 07:34:11.689774+00');
INSERT INTO monivalintavaihtoehto (monivalintavaihtoehtoid, kysymysid, jarjestys, teksti_fi, teksti_sv, luotu_kayttaja, muutettu_kayttaja, luotuaika, muutettuaika) VALUES (349, 343, 2, 'työvoimatoimisto tai sen www-sivut', 'arbetskraftsbyrån eller dess webbsidor', 'KONVERSIO', 'KONVERSIO', '2008-06-24 05:58:11.103289+00', '2008-10-02 07:34:11.689774+00');
INSERT INTO monivalintavaihtoehto (monivalintavaihtoehtoid, kysymysid, jarjestys, teksti_fi, teksti_sv, luotu_kayttaja, muutettu_kayttaja, luotuaika, muutettuaika) VALUES (352, 343, 3, 'oppisopimustoimisto tai sen www-sivut', 'läroavtalsbyrån eller dess webbsidor', 'KONVERSIO', 'KONVERSIO', '2008-06-24 05:58:11.103289+00', '2008-10-02 07:34:11.689774+00');
INSERT INTO monivalintavaihtoehto (monivalintavaihtoehtoid, kysymysid, jarjestys, teksti_fi, teksti_sv, luotu_kayttaja, muutettu_kayttaja, luotuaika, muutettuaika) VALUES (355, 343, 4, 'muut www-sivut', 'andra websidor', 'KONVERSIO', 'KONVERSIO', '2008-06-24 05:58:11.103289+00', '2008-10-02 07:34:11.689774+00');
INSERT INTO monivalintavaihtoehto (monivalintavaihtoehtoid, kysymysid, jarjestys, teksti_fi, teksti_sv, luotu_kayttaja, muutettu_kayttaja, luotuaika, muutettuaika) VALUES (358, 343, 5, 'lehti-ilmoitus', 'tidningsannons', 'KONVERSIO', 'KONVERSIO', '2008-06-24 05:58:11.103289+00', '2008-10-02 07:34:11.689774+00');
INSERT INTO monivalintavaihtoehto (monivalintavaihtoehtoid, kysymysid, jarjestys, teksti_fi, teksti_sv, luotu_kayttaja, muutettu_kayttaja, luotuaika, muutettuaika) VALUES (361, 343, 6, 'radio tai televisio', 'radio eller TV', 'KONVERSIO', 'KONVERSIO', '2008-06-24 05:58:11.103289+00', '2008-10-02 07:34:11.689774+00');
INSERT INTO monivalintavaihtoehto (monivalintavaihtoehtoid, kysymysid, jarjestys, teksti_fi, teksti_sv, luotu_kayttaja, muutettu_kayttaja, luotuaika, muutettuaika) VALUES (364, 343, 7, 'ammattiliitto', 'fackförening', 'KONVERSIO', 'KONVERSIO', '2008-06-24 05:58:11.103289+00', '2008-10-02 07:34:11.689774+00');
INSERT INTO monivalintavaihtoehto (monivalintavaihtoehtoid, kysymysid, jarjestys, teksti_fi, teksti_sv, luotu_kayttaja, muutettu_kayttaja, luotuaika, muutettuaika) VALUES (367, 343, 8, 'muu neuvontapiste', 'annan informationspunkt', 'KONVERSIO', 'KONVERSIO', '2008-06-24 05:58:11.103289+00', '2008-10-02 07:34:11.689774+00');
INSERT INTO monivalintavaihtoehto (monivalintavaihtoehtoid, kysymysid, jarjestys, teksti_fi, teksti_sv, luotu_kayttaja, muutettu_kayttaja, luotuaika, muutettuaika) VALUES (370, 343, 9, 'työnantaja', 'arbetsgivaren', 'KONVERSIO', 'KONVERSIO', '2008-06-24 05:58:11.103289+00', '2008-10-02 07:34:11.689774+00');
INSERT INTO monivalintavaihtoehto (monivalintavaihtoehtoid, kysymysid, jarjestys, teksti_fi, teksti_sv, luotu_kayttaja, muutettu_kayttaja, luotuaika, muutettuaika) VALUES (373, 343, 10, 'työkaveri, ystävä tai muu tuttava', 'arbetskamrat, vän eller annan bekant', 'KONVERSIO', 'KONVERSIO', '2008-06-24 05:58:11.103289+00', '2008-10-02 07:34:11.689774+00');
INSERT INTO monivalintavaihtoehto (monivalintavaihtoehtoid, kysymysid, jarjestys, teksti_fi, teksti_sv, luotu_kayttaja, muutettu_kayttaja, luotuaika, muutettuaika) VALUES (376, 343, 11, 'muu', 'någon annan', 'KONVERSIO', 'KONVERSIO', '2008-06-24 05:58:11.103289+00', '2008-10-02 07:34:11.689774+00');
INSERT INTO monivalintavaihtoehto (monivalintavaihtoehtoid, kysymysid, jarjestys, teksti_fi, teksti_sv, luotu_kayttaja, muutettu_kayttaja, luotuaika, muutettuaika) VALUES (3331234, 7314657, 0, 'ammatillinen aikuiskoulutusorganisaatio', 'yrkesinriktad vuxenutbildningsorganisation', 'JARJESTELMA', 'JARJESTELMA', '2015-09-10 11:59:08.354997+00', '2015-09-10 11:59:08.354997+00');
INSERT INTO monivalintavaihtoehto (monivalintavaihtoehtoid, kysymysid, jarjestys, teksti_fi, teksti_sv, luotu_kayttaja, muutettu_kayttaja, luotuaika, muutettuaika) VALUES (3331235, 7314657, 1, 'toisen asteen ammatillinen oppilaitos, jossa myös ammatillista aikuiskoulutusta', 'yrkesläroanstalt på andra stadiet som också ordnar yrkesutbildning för vuxna', 'JARJESTELMA', 'JARJESTELMA', '2015-09-10 11:59:08.354997+00', '2015-09-10 11:59:08.354997+00');
INSERT INTO monivalintavaihtoehto (monivalintavaihtoehtoid, kysymysid, jarjestys, teksti_fi, teksti_sv, luotu_kayttaja, muutettu_kayttaja, luotuaika, muutettuaika) VALUES (3331236, 7314657, 2, 'vapaan sivistystyön oppilaitos, jossa myös ammatillista aikuiskoulutusta', 'läroanstalt inom det fria bildningsarbetet som också ordnar yrkesutbildning för vuxna', 'JARJESTELMA', 'JARJESTELMA', '2015-09-10 11:59:08.354997+00', '2015-09-10 11:59:08.354997+00');
INSERT INTO monivalintavaihtoehto (monivalintavaihtoehtoid, kysymysid, jarjestys, teksti_fi, teksti_sv, luotu_kayttaja, muutettu_kayttaja, luotuaika, muutettuaika) VALUES (3331237, 7314657, 3, 'työelämän organisaatio', 'organisation inom arbetslivet', 'JARJESTELMA', 'JARJESTELMA', '2015-09-10 11:59:08.354997+00', '2015-09-10 11:59:08.354997+00');
INSERT INTO monivalintavaihtoehto (monivalintavaihtoehtoid, kysymysid, jarjestys, teksti_fi, teksti_sv, luotu_kayttaja, muutettu_kayttaja, luotuaika, muutettuaika) VALUES (3331238, 7314657, 4, 'muu', 'annan', 'JARJESTELMA', 'JARJESTELMA', '2015-09-10 11:59:08.354997+00', '2015-09-10 11:59:08.354997+00');
INSERT INTO monivalintavaihtoehto (monivalintavaihtoehtoid, kysymysid, jarjestys, teksti_fi, teksti_sv, luotu_kayttaja, muutettu_kayttaja, luotuaika, muutettuaika) VALUES (3327508, 7312039, 0, 'Työssä toisen palveluksessa', 'Arbete i annans tjänst', 'JARJESTELMA', 'JARJESTELMA', '2015-01-03 14:28:48.620782+00', '2015-01-03 14:28:48.620782+00');
INSERT INTO monivalintavaihtoehto (monivalintavaihtoehtoid, kysymysid, jarjestys, teksti_fi, teksti_sv, luotu_kayttaja, muutettu_kayttaja, luotuaika, muutettuaika) VALUES (3327509, 7312039, 1, 'Yrittäjä tai itsenäinen ammatinharjoittaja', 'Företagare eller självständig yrkesutövare', 'JARJESTELMA', 'JARJESTELMA', '2015-01-03 14:28:48.620782+00', '2015-01-03 14:28:48.620782+00');
INSERT INTO monivalintavaihtoehto (monivalintavaihtoehtoid, kysymysid, jarjestys, teksti_fi, teksti_sv, luotu_kayttaja, muutettu_kayttaja, luotuaika, muutettuaika) VALUES (3327510, 7312039, 2, 'Työtön', 'Arbetslös', 'JARJESTELMA', 'JARJESTELMA', '2015-01-03 14:28:48.620782+00', '2015-01-03 14:28:48.620782+00');
INSERT INTO monivalintavaihtoehto (monivalintavaihtoehtoid, kysymysid, jarjestys, teksti_fi, teksti_sv, luotu_kayttaja, muutettu_kayttaja, luotuaika, muutettuaika) VALUES (3327511, 7312039, 3, 'Opiskelija', 'Studerande', 'JARJESTELMA', 'JARJESTELMA', '2015-01-03 14:28:48.620782+00', '2015-01-03 14:28:48.620782+00');
INSERT INTO monivalintavaihtoehto (monivalintavaihtoehtoid, kysymysid, jarjestys, teksti_fi, teksti_sv, luotu_kayttaja, muutettu_kayttaja, luotuaika, muutettuaika) VALUES (3327512, 7312039, 4, 'Muu tilanne (esimerkiksi varusmies-/siviilipalveluksessa, vanhempainvapaalla, kuntoutuksessa tai muu syy)', 'Annan situation (t.ex. bevärings- eller civiltjänst, föräldraledighet, habilitering eller annan orsak)', 'JARJESTELMA', 'JARJESTELMA', '2015-01-03 14:28:48.620782+00', '2015-01-03 14:28:48.620782+00');
INSERT INTO monivalintavaihtoehto (monivalintavaihtoehtoid, kysymysid, jarjestys, teksti_fi, teksti_sv, luotu_kayttaja, muutettu_kayttaja, luotuaika, muutettuaika) VALUES (3331252, 7314663, 0, '1 - 5 vuotta', '1 - 5 år', 'JARJESTELMA', 'JARJESTELMA', '2015-09-10 11:59:08.354997+00', '2015-09-10 11:59:08.354997+00');
INSERT INTO monivalintavaihtoehto (monivalintavaihtoehtoid, kysymysid, jarjestys, teksti_fi, teksti_sv, luotu_kayttaja, muutettu_kayttaja, luotuaika, muutettuaika) VALUES (3331253, 7314663, 1, '6 - 10 vuotta', '6 - 10 år', 'JARJESTELMA', 'JARJESTELMA', '2015-09-10 11:59:08.354997+00', '2015-09-10 11:59:08.354997+00');
INSERT INTO monivalintavaihtoehto (monivalintavaihtoehtoid, kysymysid, jarjestys, teksti_fi, teksti_sv, luotu_kayttaja, muutettu_kayttaja, luotuaika, muutettuaika) VALUES (3331254, 7314663, 2, 'yli 10 vuotta', 'över 10 år', 'JARJESTELMA', 'JARJESTELMA', '2015-09-10 11:59:08.354997+00', '2015-09-10 11:59:08.354997+00');
INSERT INTO monivalintavaihtoehto (monivalintavaihtoehtoid, kysymysid, jarjestys, teksti_fi, teksti_sv, luotu_kayttaja, muutettu_kayttaja, luotuaika, muutettuaika) VALUES (3331255, 7314663, 3, 'ei ollenkaan', 'inte alls', 'JARJESTELMA', 'JARJESTELMA', '2015-09-10 11:59:08.354997+00', '2015-09-10 11:59:08.354997+00');
INSERT INTO monivalintavaihtoehto (monivalintavaihtoehtoid, kysymysid, jarjestys, teksti_fi, teksti_sv, luotu_kayttaja, muutettu_kayttaja, luotuaika, muutettuaika) VALUES (304, 301, 1, 'alle 25', 'under 25', 'KONVERSIO', 'KONVERSIO', '2008-06-24 05:58:11.088195+00', '2008-10-02 07:33:20.672967+00');
INSERT INTO monivalintavaihtoehto (monivalintavaihtoehtoid, kysymysid, jarjestys, teksti_fi, teksti_sv, luotu_kayttaja, muutettu_kayttaja, luotuaika, muutettuaika) VALUES (307, 301, 2, '25-34', '25-34', 'KONVERSIO', 'KONVERSIO', '2008-06-24 05:58:11.088195+00', '2008-10-02 07:33:20.672967+00');
INSERT INTO monivalintavaihtoehto (monivalintavaihtoehtoid, kysymysid, jarjestys, teksti_fi, teksti_sv, luotu_kayttaja, muutettu_kayttaja, luotuaika, muutettuaika) VALUES (310, 301, 3, '35-44', '35-44', 'KONVERSIO', 'KONVERSIO', '2008-06-24 05:58:11.088195+00', '2008-10-02 07:33:20.672967+00');
INSERT INTO monivalintavaihtoehto (monivalintavaihtoehtoid, kysymysid, jarjestys, teksti_fi, teksti_sv, luotu_kayttaja, muutettu_kayttaja, luotuaika, muutettuaika) VALUES (313, 301, 4, '45-54', '45-54', 'KONVERSIO', 'KONVERSIO', '2008-06-24 05:58:11.088195+00', '2008-10-02 07:33:20.672967+00');
INSERT INTO monivalintavaihtoehto (monivalintavaihtoehtoid, kysymysid, jarjestys, teksti_fi, teksti_sv, luotu_kayttaja, muutettu_kayttaja, luotuaika, muutettuaika) VALUES (316, 301, 5, '55 tai yli', '55 eller över', 'KONVERSIO', 'KONVERSIO', '2008-06-24 05:58:11.088195+00', '2008-10-02 07:33:20.672967+00');
INSERT INTO monivalintavaihtoehto (monivalintavaihtoehtoid, kysymysid, jarjestys, teksti_fi, teksti_sv, luotu_kayttaja, muutettu_kayttaja, luotuaika, muutettuaika) VALUES (3331218, 7314654, 0, 'nainen', 'kvinna', 'JARJESTELMA', 'JARJESTELMA', '2015-09-10 11:59:08.354997+00', '2015-09-10 11:59:08.354997+00');
INSERT INTO monivalintavaihtoehto (monivalintavaihtoehtoid, kysymysid, jarjestys, teksti_fi, teksti_sv, luotu_kayttaja, muutettu_kayttaja, luotuaika, muutettuaika) VALUES (3331219, 7314654, 1, 'mies', 'man', 'JARJESTELMA', 'JARJESTELMA', '2015-09-10 11:59:08.354997+00', '2015-09-10 11:59:08.354997+00');
INSERT INTO monivalintavaihtoehto (monivalintavaihtoehtoid, kysymysid, jarjestys, teksti_fi, teksti_sv, luotu_kayttaja, muutettu_kayttaja, luotuaika, muutettuaika) VALUES (3331244, 7314661, 0, '1 - 5 vuotta', '1 - 5 år', 'JARJESTELMA', 'JARJESTELMA', '2015-09-10 11:59:08.354997+00', '2015-09-10 11:59:08.354997+00');
INSERT INTO monivalintavaihtoehto (monivalintavaihtoehtoid, kysymysid, jarjestys, teksti_fi, teksti_sv, luotu_kayttaja, muutettu_kayttaja, luotuaika, muutettuaika) VALUES (3331245, 7314661, 1, '6 - 10 vuotta', '6 - 10 år', 'JARJESTELMA', 'JARJESTELMA', '2015-09-10 11:59:08.354997+00', '2015-09-10 11:59:08.354997+00');
INSERT INTO monivalintavaihtoehto (monivalintavaihtoehtoid, kysymysid, jarjestys, teksti_fi, teksti_sv, luotu_kayttaja, muutettu_kayttaja, luotuaika, muutettuaika) VALUES (3331246, 7314661, 2, 'yli 10 vuotta', 'över 10 år', 'JARJESTELMA', 'JARJESTELMA', '2015-09-10 11:59:08.354997+00', '2015-09-10 11:59:08.354997+00');
INSERT INTO monivalintavaihtoehto (monivalintavaihtoehtoid, kysymysid, jarjestys, teksti_fi, teksti_sv, luotu_kayttaja, muutettu_kayttaja, luotuaika, muutettuaika) VALUES (3331247, 7314661, 3, 'ei ollenkaan', 'inte alls', 'JARJESTELMA', 'JARJESTELMA', '2015-09-10 11:59:08.354997+00', '2015-09-10 11:59:08.354997+00');
INSERT INTO monivalintavaihtoehto (monivalintavaihtoehtoid, kysymysid, jarjestys, teksti_fi, teksti_sv, luotu_kayttaja, muutettu_kayttaja, luotuaika, muutettuaika) VALUES (3327475, 7312031, 0, 'Ammatin hankkiminen', 'Att skaffa mig ett yrke', 'JARJESTELMA', 'JARJESTELMA', '2015-01-03 14:28:44.042138+00', '2015-01-03 14:28:44.042138+00');
INSERT INTO monivalintavaihtoehto (monivalintavaihtoehtoid, kysymysid, jarjestys, teksti_fi, teksti_sv, luotu_kayttaja, muutettu_kayttaja, luotuaika, muutettuaika) VALUES (3327476, 7312031, 1, 'Ammatin vaihtaminen', 'Att byta yrke', 'JARJESTELMA', 'JARJESTELMA', '2015-01-03 14:28:44.042138+00', '2015-01-03 14:28:44.042138+00');
INSERT INTO monivalintavaihtoehto (monivalintavaihtoehtoid, kysymysid, jarjestys, teksti_fi, teksti_sv, luotu_kayttaja, muutettu_kayttaja, luotuaika, muutettuaika) VALUES (3327477, 7312031, 2, 'Ammattitaidon kehittäminen', 'Att utveckla min yrkesskicklighet', 'JARJESTELMA', 'JARJESTELMA', '2015-01-03 14:28:44.042138+00', '2015-01-03 14:28:44.042138+00');
INSERT INTO monivalintavaihtoehto (monivalintavaihtoehtoid, kysymysid, jarjestys, teksti_fi, teksti_sv, luotu_kayttaja, muutettu_kayttaja, luotuaika, muutettuaika) VALUES (3327478, 7312031, 3, 'Muu peruste', 'Annan grund', 'JARJESTELMA', 'JARJESTELMA', '2015-01-03 14:28:44.042138+00', '2015-01-03 14:28:44.042138+00');
INSERT INTO monivalintavaihtoehto (monivalintavaihtoehtoid, kysymysid, jarjestys, teksti_fi, teksti_sv, luotu_kayttaja, muutettu_kayttaja, luotuaika, muutettuaika) VALUES (3331220, 7314655, 0, '20 - 29 vuotta', '20 - 29 år', 'JARJESTELMA', 'JARJESTELMA', '2015-09-10 11:59:08.354997+00', '2015-09-10 11:59:08.354997+00');
INSERT INTO monivalintavaihtoehto (monivalintavaihtoehtoid, kysymysid, jarjestys, teksti_fi, teksti_sv, luotu_kayttaja, muutettu_kayttaja, luotuaika, muutettuaika) VALUES (3331221, 7314655, 1, '30 - 39 vuotta', '30 - 39 år', 'JARJESTELMA', 'JARJESTELMA', '2015-09-10 11:59:08.354997+00', '2015-09-10 11:59:08.354997+00');
INSERT INTO monivalintavaihtoehto (monivalintavaihtoehtoid, kysymysid, jarjestys, teksti_fi, teksti_sv, luotu_kayttaja, muutettu_kayttaja, luotuaika, muutettuaika) VALUES (3331222, 7314655, 2, '40 - 49 vuotta', '40 - 49 år', 'JARJESTELMA', 'JARJESTELMA', '2015-09-10 11:59:08.354997+00', '2015-09-10 11:59:08.354997+00');
INSERT INTO monivalintavaihtoehto (monivalintavaihtoehtoid, kysymysid, jarjestys, teksti_fi, teksti_sv, luotu_kayttaja, muutettu_kayttaja, luotuaika, muutettuaika) VALUES (3331223, 7314655, 3, '50 - 59 vuotta', '50 - 59 år', 'JARJESTELMA', 'JARJESTELMA', '2015-09-10 11:59:08.354997+00', '2015-09-10 11:59:08.354997+00');
INSERT INTO monivalintavaihtoehto (monivalintavaihtoehtoid, kysymysid, jarjestys, teksti_fi, teksti_sv, luotu_kayttaja, muutettu_kayttaja, luotuaika, muutettuaika) VALUES (3331224, 7314655, 4, '60 vuotta tai enemmän', '60 år -', 'JARJESTELMA', 'JARJESTELMA', '2015-09-10 11:59:08.354997+00', '2015-09-10 11:59:08.354997+00');
INSERT INTO monivalintavaihtoehto (monivalintavaihtoehtoid, kysymysid, jarjestys, teksti_fi, teksti_sv, luotu_kayttaja, muutettu_kayttaja, luotuaika, muutettuaika) VALUES (3327513, 7312040, 0, 'koko tutkinnon suorittaminen', 'avlägga hela examen', 'JARJESTELMA', 'JARJESTELMA', '2015-01-03 14:28:48.620782+00', '2015-01-03 14:28:48.620782+00');
INSERT INTO monivalintavaihtoehto (monivalintavaihtoehtoid, kysymysid, jarjestys, teksti_fi, teksti_sv, luotu_kayttaja, muutettu_kayttaja, luotuaika, muutettuaika) VALUES (3327514, 7312040, 1, 'tutkinnon osan tai osien suorittaminen', 'avlägga en del/delar av examen', 'JARJESTELMA', 'JARJESTELMA', '2015-01-03 14:28:48.620782+00', '2015-01-03 14:28:48.620782+00');
INSERT INTO monivalintavaihtoehto (monivalintavaihtoehtoid, kysymysid, jarjestys, teksti_fi, teksti_sv, luotu_kayttaja, muutettu_kayttaja, luotuaika, muutettuaika) VALUES (3327462, 7312029, 0, '19 tai alle', '19 eller under', 'JARJESTELMA', 'JARJESTELMA', '2015-01-03 14:28:44.042138+00', '2015-01-03 14:28:44.042138+00');
INSERT INTO monivalintavaihtoehto (monivalintavaihtoehtoid, kysymysid, jarjestys, teksti_fi, teksti_sv, luotu_kayttaja, muutettu_kayttaja, luotuaika, muutettuaika) VALUES (3327463, 7312029, 1, '20 - 24', '20 - 24', 'JARJESTELMA', 'JARJESTELMA', '2015-01-03 14:28:44.042138+00', '2015-01-03 14:28:44.042138+00');
INSERT INTO monivalintavaihtoehto (monivalintavaihtoehtoid, kysymysid, jarjestys, teksti_fi, teksti_sv, luotu_kayttaja, muutettu_kayttaja, luotuaika, muutettuaika) VALUES (3327464, 7312029, 2, '25 - 34', '25 - 34', 'JARJESTELMA', 'JARJESTELMA', '2015-01-03 14:28:44.042138+00', '2015-01-03 14:28:44.042138+00');
INSERT INTO monivalintavaihtoehto (monivalintavaihtoehtoid, kysymysid, jarjestys, teksti_fi, teksti_sv, luotu_kayttaja, muutettu_kayttaja, luotuaika, muutettuaika) VALUES (3327465, 7312029, 3, '35 - 44', '35 - 44', 'JARJESTELMA', 'JARJESTELMA', '2015-01-03 14:28:44.042138+00', '2015-01-03 14:28:44.042138+00');
INSERT INTO monivalintavaihtoehto (monivalintavaihtoehtoid, kysymysid, jarjestys, teksti_fi, teksti_sv, luotu_kayttaja, muutettu_kayttaja, luotuaika, muutettuaika) VALUES (3327466, 7312029, 4, '45 - 54', '45 - 54', 'JARJESTELMA', 'JARJESTELMA', '2015-01-03 14:28:44.042138+00', '2015-01-03 14:28:44.042138+00');
INSERT INTO monivalintavaihtoehto (monivalintavaihtoehtoid, kysymysid, jarjestys, teksti_fi, teksti_sv, luotu_kayttaja, muutettu_kayttaja, luotuaika, muutettuaika) VALUES (3327467, 7312029, 5, '55 tai yli', '55 eller över', 'JARJESTELMA', 'JARJESTELMA', '2015-01-03 14:28:44.042138+00', '2015-01-03 14:28:44.042138+00');
INSERT INTO monivalintavaihtoehto (monivalintavaihtoehtoid, kysymysid, jarjestys, teksti_fi, teksti_sv, luotu_kayttaja, muutettu_kayttaja, luotuaika, muutettuaika) VALUES (382, 379, 1, 'koko tutkinto', 'hela examen', 'KONVERSIO', 'KONVERSIO', '2008-06-24 05:58:11.11524+00', '2008-10-02 07:36:32.519726+00');
INSERT INTO monivalintavaihtoehto (monivalintavaihtoehtoid, kysymysid, jarjestys, teksti_fi, teksti_sv, luotu_kayttaja, muutettu_kayttaja, luotuaika, muutettuaika) VALUES (385, 379, 2, 'tutkinnon osa tai osia', 'del eller delar av examen', 'KONVERSIO', 'KONVERSIO', '2008-06-24 05:58:11.11524+00', '2008-10-02 07:36:32.519726+00');
INSERT INTO monivalintavaihtoehto (monivalintavaihtoehtoid, kysymysid, jarjestys, teksti_fi, teksti_sv, luotu_kayttaja, muutettu_kayttaja, luotuaika, muutettuaika) VALUES (292, 289, 1, 'suomi', 'finska', 'KONVERSIO', 'KONVERSIO', '2008-06-24 05:58:11.083871+00', '2008-10-02 07:34:39.308888+00');
INSERT INTO monivalintavaihtoehto (monivalintavaihtoehtoid, kysymysid, jarjestys, teksti_fi, teksti_sv, luotu_kayttaja, muutettu_kayttaja, luotuaika, muutettuaika) VALUES (295, 289, 2, 'ruotsi', 'svenska', 'KONVERSIO', 'KONVERSIO', '2008-06-24 05:58:11.083871+00', '2008-10-02 07:34:39.308888+00');
INSERT INTO monivalintavaihtoehto (monivalintavaihtoehtoid, kysymysid, jarjestys, teksti_fi, teksti_sv, luotu_kayttaja, muutettu_kayttaja, luotuaika, muutettuaika) VALUES (298, 289, 3, 'muu', 'annat', 'KONVERSIO', 'KONVERSIO', '2008-06-24 05:58:11.083871+00', '2008-10-02 07:34:39.308888+00');
INSERT INTO monivalintavaihtoehto (monivalintavaihtoehtoid, kysymysid, jarjestys, teksti_fi, teksti_sv, luotu_kayttaja, muutettu_kayttaja, luotuaika, muutettuaika) VALUES (3327497, 7312037, 0, 'Peruskoulu, keskikoulu tai vastaava', 'Grundskola, mellanskola eller motsvarande', 'JARJESTELMA', 'JARJESTELMA', '2015-01-03 14:28:48.620782+00', '2015-01-03 14:28:48.620782+00');
INSERT INTO monivalintavaihtoehto (monivalintavaihtoehtoid, kysymysid, jarjestys, teksti_fi, teksti_sv, luotu_kayttaja, muutettu_kayttaja, luotuaika, muutettuaika) VALUES (3327498, 7312037, 1, 'Lukio/ylioppilastutkinto', 'Gymnasiet/studentexamen', 'JARJESTELMA', 'JARJESTELMA', '2015-01-03 14:28:48.620782+00', '2015-01-03 14:28:48.620782+00');
INSERT INTO monivalintavaihtoehto (monivalintavaihtoehtoid, kysymysid, jarjestys, teksti_fi, teksti_sv, luotu_kayttaja, muutettu_kayttaja, luotuaika, muutettuaika) VALUES (3327499, 7312037, 2, 'Ammatillinen tutkinto tai opistoasteen tutkinto', 'Yrkesinriktad examen eller examen på institutsnivå', 'JARJESTELMA', 'JARJESTELMA', '2015-01-03 14:28:48.620782+00', '2015-01-03 14:28:48.620782+00');
INSERT INTO monivalintavaihtoehto (monivalintavaihtoehtoid, kysymysid, jarjestys, teksti_fi, teksti_sv, luotu_kayttaja, muutettu_kayttaja, luotuaika, muutettuaika) VALUES (3327500, 7312037, 3, 'Ammattikorkeakoulututkinto', 'Yrkeshögskoleexamen', 'JARJESTELMA', 'JARJESTELMA', '2015-01-03 14:28:48.620782+00', '2015-01-03 14:28:48.620782+00');
INSERT INTO monivalintavaihtoehto (monivalintavaihtoehtoid, kysymysid, jarjestys, teksti_fi, teksti_sv, luotu_kayttaja, muutettu_kayttaja, luotuaika, muutettuaika) VALUES (3327501, 7312037, 4, 'Yliopistotutkinto', 'Universitetsexamen', 'JARJESTELMA', 'JARJESTELMA', '2015-01-03 14:28:48.620782+00', '2015-01-03 14:28:48.620782+00');
INSERT INTO monivalintavaihtoehto (monivalintavaihtoehtoid, kysymysid, jarjestys, teksti_fi, teksti_sv, luotu_kayttaja, muutettu_kayttaja, luotuaika, muutettuaika) VALUES (3327502, 7312037, 5, 'Ulkomailla suoritettu tutkinto', 'Examen som avlagts utomlands', 'JARJESTELMA', 'JARJESTELMA', '2015-01-03 14:28:48.620782+00', '2015-01-03 14:28:48.620782+00');
INSERT INTO monivalintavaihtoehto (monivalintavaihtoehtoid, kysymysid, jarjestys, teksti_fi, teksti_sv, luotu_kayttaja, muutettu_kayttaja, luotuaika, muutettuaika) VALUES (3327503, 7312037, 6, 'Ei tutkintoa', 'Ingen examen', 'JARJESTELMA', 'JARJESTELMA', '2015-01-03 14:28:48.620782+00', '2015-01-03 14:28:48.620782+00');
INSERT INTO monivalintavaihtoehto (monivalintavaihtoehtoid, kysymysid, jarjestys, teksti_fi, teksti_sv, luotu_kayttaja, muutettu_kayttaja, luotuaika, muutettuaika) VALUES (3327484, 7312033, 0, 'koko tutkinnon suorittaminen', 'avlägga hela examen', 'JARJESTELMA', 'JARJESTELMA', '2015-01-03 14:28:44.042138+00', '2015-01-03 14:28:44.042138+00');
INSERT INTO monivalintavaihtoehto (monivalintavaihtoehtoid, kysymysid, jarjestys, teksti_fi, teksti_sv, luotu_kayttaja, muutettu_kayttaja, luotuaika, muutettuaika) VALUES (3327485, 7312033, 1, 'tutkinnon osan tai osien suorittaminen', 'avlägga en del/delar av examen', 'JARJESTELMA', 'JARJESTELMA', '2015-01-03 14:28:44.042138+00', '2015-01-03 14:28:44.042138+00');

 
